,ModuleName,CategoryName,9,10,11,12,13,14,15,16,17,18,19,20,21
1982,gi-joe,1982,3.0,3.0,4.0,4.0,8.0,1.0,1.0,7.0,0.0,12.0,11.0,11.0,9.0
1982,masters-of-the-universe,1982,3.0,3.0,4.0,4.0,8.0,1.0,1.0,7.0,0.0,12.0,11.0,11.0,9.0
1983,masters-of-the-universe,1983,2.0,0.0,2.0,3.0,3.0,0.0,1.0,0.0,0.0,12.0,4.0,3.0,2.0
1983,gi-joe,1983,2.0,0.0,2.0,3.0,3.0,0.0,1.0,0.0,0.0,12.0,4.0,3.0,2.0
1984,masters-of-the-universe,1984,2.0,3.0,0.0,3.0,0.0,2.0,1.0,6.0,1.0,15.0,19.0,9.0,1.0
1984,transformers,1984,2.0,3.0,0.0,3.0,0.0,2.0,1.0,6.0,1.0,15.0,19.0,9.0,1.0
1984,gi-joe,1984,2.0,3.0,0.0,3.0,0.0,2.0,1.0,6.0,1.0,15.0,19.0,9.0,1.0
1985,gi-joe,1985,1.0,0.0,0.0,5.0,1.0,0.0,0.0,8.0,1.0,20.0,23.0,2.0,6.0
1985,masters-of-the-universe,1985,1.0,0.0,0.0,5.0,1.0,0.0,0.0,8.0,1.0,20.0,23.0,2.0,6.0
1985,transformers,1985,1.0,0.0,0.0,5.0,1.0,0.0,0.0,8.0,1.0,20.0,23.0,2.0,6.0
1986,transformers,1986,0.0,0.0,0.0,1.0,1.0,0.0,0.0,5.0,0.0,21.0,3.0,2.0,0.0
1986,gi-joe,1986,0.0,0.0,0.0,1.0,1.0,0.0,0.0,5.0,0.0,21.0,3.0,2.0,0.0
1986,masters-of-the-universe,1986,0.0,0.0,0.0,1.0,1.0,0.0,0.0,5.0,0.0,21.0,3.0,2.0,0.0
1987,transformers,1987,5.0,0.0,0.0,4.0,0.0,2.0,1.0,0.0,1.0,20.0,3.0,1.0,0.0
1987,gi-joe,1987,5.0,0.0,0.0,4.0,0.0,2.0,1.0,0.0,1.0,20.0,3.0,1.0,0.0
1987,masters-of-the-universe,1987,5.0,0.0,0.0,4.0,0.0,2.0,1.0,0.0,1.0,20.0,3.0,1.0,0.0
1988,masters-of-the-universe,1988,0.0,0.0,0.0,0.0,0.0,1.0,0.0,0.0,0.0,2.0,0.0,0.0,0.0
1988,gi-joe,1988,0.0,0.0,0.0,0.0,0.0,1.0,0.0,0.0,0.0,2.0,0.0,0.0,0.0
1988,transformers,1988,0.0,0.0,0.0,0.0,0.0,1.0,0.0,0.0,0.0,2.0,0.0,0.0,0.0
1989,transformers,1989,1.0,0.0,0.0,0.0,0.0,0.0,0.0,0.0,0.0,18.0,0.0,1.0,0.0
1989,gi-joe,1989,1.0,0.0,0.0,0.0,0.0,0.0,0.0,0.0,0.0,18.0,0.0,1.0,0.0
1990,transformers,1990,1.0,0.0,0.0,0.0,0.0,0.0,0.0,0.0,0.0,18.0,0.0,1.0,1.0
1990,gi-joe,1990,1.0,0.0,0.0,0.0,0.0,0.0,0.0,0.0,0.0,18.0,0.0,1.0,1.0
1991,transformers,1991,,,,,,,,,,,,,
1991,gi-joe,1991,,,,,,,,,,,,,
1992,transformers,1992,,,,,,,,,,,,,
1995,transformers,1995,,,,,,,,,,,,,
2-Faced Series 2,kid-robot-blind-boxes,2-faced-series-2,0.0,0.0,0.0,1.0,0.0,0.0,5.0,0.0,0.0,0.0,1.0,0.0,0.0
"20"" Dunnys",kid-robot,20-dunnys,0.0,0.0,0.0,4.0,8.0,6.0,26.0,3.0,4.0,0.0,18.0,1.0,3.0
2Tone,kid-robot-blind-boxes,2tone,0.0,0.0,0.0,1.0,0.0,0.0,4.0,1.0,0.0,0.0,0.0,1.0,0.0
3D Posters,funko,3d-posters,,,,,,,,,,,,,
4' Dunnys,kid-robot,4-dunnys,0.0,0.0,0.0,1.0,0.0,0.0,3.0,0.0,0.0,0.0,0.0,0.0,0.0
"5"" Dunnys",kid-robot,5-dunnys,0.0,0.0,0.0,2.0,0.0,0.0,32.0,5.0,6.0,9.0,24.0,1.0,0.0
"8"" Dunnys",kid-robot,8-dunnys,0.0,0.0,0.0,50.0,0.0,7.0,200.0,5.0,1.0,24.0,6.0,11.0,15.0
ASC Troopers Touch Entertainment,funko,asc-troopers-touch-entertainment,,,,,,,,,,,,,
Abomination Series,marvel-legends,abomination-series,0.0,0.0,0.0,0.0,0.0,0.0,0.0,0.0,0.0,0.0,0.0,0.0,5.0
Abrams,funko,abrams,,,,,,,,,,,,,
Absorbing Man Series,marvel-legends,absorbing-man-series,0.0,0.0,0.0,0.0,0.0,0.0,0.0,0.0,0.0,0.0,0.0,0.0,10.0
Acid Sweeties,kid-robot-blind-boxes,acid-sweeties,0.0,0.0,0.0,4.0,0.0,8.0,5.0,0.0,0.0,2.0,2.0,0.0,0.0
Ad Icons,dorbz,ad-icons,10.0,18.0,6.0,4.0,8.0,3.0,6.0,13.0,7.0,10.0,13.0,15.0,7.0
Adult Swim,kid-robot-blind-boxes,adult-swim,0.0,0.0,0.0,0.0,0.0,2.0,1.0,0.0,0.0,1.0,0.0,0.0,0.0
Adult Swim Series 1,kid-robot-blind-boxes,adult-swim-series-1,0.0,0.0,0.0,0.0,0.0,6.0,1.0,4.0,0.0,8.0,1.0,1.0,2.0
Adventure Time,kid-robot-blind-boxes,adventure-time,6.0,2.0,6.0,3.0,1.0,14.0,3.0,3.0,6.0,31.0,18.0,18.0,13.0
Adventure Time,mystery-minis,adventure-time,6.0,2.0,6.0,3.0,1.0,14.0,3.0,3.0,6.0,31.0,18.0,18.0,13.0
Adventure Time,mighty-jaxx,adventure-time,6.0,2.0,6.0,3.0,1.0,14.0,3.0,3.0,6.0,31.0,18.0,18.0,13.0
Adventure Time x Kidrobot,kid-robot,adventure-time-x-kidrobot,0.0,0.0,0.0,0.0,1.0,0.0,0.0,2.0,4.0,5.0,10.0,12.0,14.0
Aladdin,disney-infinity-figures,aladdin-20,0.0,0.0,0.0,6.0,6.0,0.0,0.0,5.0,3.0,2.0,7.0,3.0,3.0
Alice In Wonderland,disney-infinity-figures,alice-in-wonderland-30,0.0,0.0,0.0,7.0,10.0,1.0,4.0,4.0,2.0,2.0,12.0,8.0,3.0
Alice Through the Looking Glass,mystery-minis,alice-through-the-looking-glass,0.0,0.0,0.0,3.0,5.0,11.0,12.0,7.0,0.0,26.0,10.0,28.0,2.0
Alien,sideshow-collectibles,alien,,,,,,,,,,,,,
All,vynl,all,0.0,113.0,150.0,87.0,81.0,51.0,54.0,66.0,87.0,150.0,133.0,274.0,167.0
All-Father Series,marvel-legends,all-father-series,0.0,0.0,0.0,0.0,0.0,0.0,0.0,0.0,0.0,0.0,0.0,0.0,7.0
Alpha Brain Art Studios,funko,alpha-brain-art-studios,,,,,,,,,,,,,
Alternators,transformers,alternators,,,,,,,,,,,,,
Alternity,transformers,alternity,,,,,,,,,,,,,
Amanda Visell Ferals,kid-robot-blind-boxes,amanda-visell-ferals,,,,,,,,,,,,,
Andy Warhol,berbrick,andy-warhol,0.0,0.0,0.0,0.0,0.0,0.0,0.0,0.0,0.0,0.0,0.0,1.0,0.0
Andy Warhol Collectible Art,kid-robot-blind-boxes,andy-warhol-collectible-art,0.0,0.0,0.0,0.0,0.0,1.0,0.0,0.0,0.0,1.0,0.0,0.0,0.0
Andy Warhol Series 1,kid-robot-blind-boxes,andy-warhol-series-1,0.0,0.0,0.0,3.0,0.0,3.0,0.0,0.0,0.0,2.0,2.0,0.0,4.0
Andy Warhol Series 2,kid-robot-blind-boxes,andy-warhol-series-2,0.0,0.0,0.0,0.0,0.0,1.0,0.0,0.0,0.0,0.0,0.0,0.0,0.0
Animal Crossing Promotional Cards,amiibo-cards,animal-crossing-promotional-cards,0.0,2.0,0.0,7.0,1.0,2.0,1.0,0.0,2.0,0.0,5.0,0.0,2.0
Animal Crossing Series 1,amiibo-cards,animal-crossing-series-1,1.0,3.0,3.0,28.0,100.0,2.0,6.0,4.0,11.0,0.0,103.0,12.0,0.0
Animal Crossing Series 2,amiibo-cards,animal-crossing-series-2,1.0,1.0,5.0,0.0,124.0,0.0,2.0,0.0,100.0,0.0,102.0,5.0,0.0
Animal Crossing Series 3,amiibo-cards,animal-crossing-series-3,0.0,1.0,7.0,1.0,126.0,0.0,2.0,37.0,100.0,0.0,105.0,13.0,0.0
Animal Crossing Series 4,amiibo-cards,animal-crossing-series-4,0.0,0.0,8.0,0.0,119.0,0.0,3.0,0.0,100.0,0.0,106.0,5.0,0.0
Animal Crossing X Sanrio,amiibo-cards,animal-crossing-x-sanrio,0.0,1.0,0.0,0.0,12.0,0.0,0.0,0.0,12.0,0.0,12.0,0.0,7.0
Animal Crossing: amiibo Festival,amiibo,animal-crossing-amiibo-festival,4.0,20.0,36.0,65.0,28.0,35.0,25.0,5.0,51.0,19.0,50.0,41.0,16.0
Animated,transformers,animated,,,,,,,,,,,,,
Anniversary,berbrick,anniversary,0.0,0.0,0.0,0.0,0.0,0.0,0.0,0.0,0.0,0.0,0.0,1.0,0.0
Apocalypse,kid-robot-blind-boxes,apocalypse,0.0,0.0,0.0,2.0,0.0,0.0,1.0,0.0,0.0,0.0,0.0,2.0,0.0
Apocalypse Series,marvel-legends,apocalypse-series,0.0,0.0,0.0,0.0,0.0,0.0,0.0,0.0,0.0,0.0,0.0,0.0,8.0
Arcane Divination,kid-robot-blind-boxes,arcane-divination,0.0,0.0,0.0,3.0,0.0,17.0,15.0,0.0,0.0,5.0,5.0,0.0,0.0
Ares Series,marvel-legends,ares-series,,,,,,,,,,,,,
Armada,transformers,armada,,,,,,,,,,,,,
Arnim Zola Series,marvel-legends,arnim-zola-series,0.0,0.0,0.0,0.0,0.0,0.0,0.0,0.0,0.0,0.0,0.0,0.0,5.0
Art Figures,kid-robot,art-figures,0.0,0.0,0.0,13.0,8.0,9.0,56.0,34.0,0.0,104.0,27.0,25.0,23.0
Atmos,berbrick,atmos,0.0,0.0,0.0,0.0,0.0,0.0,0.0,0.0,0.0,0.0,0.0,3.0,0.0
Avengers: Age of Ultron,mystery-minis,avengers-age-of-ultron,0.0,0.0,0.0,31.0,15.0,5.0,0.0,5.0,4.0,10.0,1.0,3.0,0.0
Avengers: Infinity War,mystery-minis,avengers-infinity-war,0.0,0.0,0.0,0.0,0.0,0.0,0.0,0.0,0.0,0.0,0.0,67.0,45.0
Azteca Series 1,kid-robot-blind-boxes,azteca-series-1,0.0,0.0,0.0,0.0,0.0,0.0,2.0,0.0,0.0,0.0,3.0,1.0,0.0
Azteca Series 2,kid-robot-blind-boxes,azteca-series-2,,,,,,,,,,,,,
BFF Series 1,kid-robot-blind-boxes,bff-series-1,0.0,0.0,0.0,7.0,0.0,3.0,1.0,0.0,2.0,5.0,0.0,9.0,0.0
BFF Series 2,kid-robot-blind-boxes,bff-series-2,0.0,0.0,0.0,14.0,1.0,5.0,8.0,0.0,3.0,4.0,0.0,15.0,0.0
BFF Series 3,kid-robot-blind-boxes,bff-series-3,0.0,0.0,0.0,10.0,2.0,4.0,5.0,1.0,2.0,6.0,0.0,13.0,0.0
BFF Series 4,kid-robot-blind-boxes,bff-series-4,,,,,,,,,,,,,
Back to the Future,sideshow-collectibles,back-to-the-future,,,,,,,,,,,,,
BambooZoo,kid-robot-blind-boxes,bamboozoo,0.0,0.0,0.0,1.0,0.0,5.0,0.0,0.0,0.0,0.0,0.0,0.0,0.0
Bape,berbrick,bape,0.0,0.0,0.0,0.0,0.0,0.0,0.0,0.0,0.0,0.0,0.0,2.0,0.0
Barbie,rock-candy,barbie,0.0,0.0,0.0,22.0,10.0,2.0,47.0,13.0,7.0,3.0,11.0,12.0,1.0
Barbie,mystery-minis,barbie,0.0,0.0,0.0,22.0,10.0,2.0,47.0,13.0,7.0,3.0,11.0,12.0,1.0
Barbie Series 1,tokidoki,barbie-series-1,0.0,0.0,1.0,0.0,0.0,1.0,0.0,0.0,1.0,15.0,1.0,1.0,0.0
Base Set,pokemon-cards,base-set,2.0,2.0,0.0,0.0,2.0,0.0,14.0,38.0,1.0,1.0,21.0,2.0,0.0
Base Set 2,pokemon-cards,base-set-2,0.0,0.0,0.0,0.0,0.0,0.0,0.0,11.0,0.0,0.0,3.0,0.0,0.0
Batman,kid-robot-blind-boxes,batman,0.0,0.0,0.0,0.0,1.0,2.0,0.0,0.0,4.0,18.0,2.0,1.0,0.0
Batman Arkham,mystery-minis,batman-arkham,0.0,0.0,0.0,19.0,35.0,8.0,0.0,19.0,30.0,16.0,13.0,14.0,16.0
Batman v Superman,mystery-minis,batman-v-superman,0.0,0.0,0.0,2.0,15.0,10.0,13.0,14.0,4.0,14.0,9.0,6.0,4.0
Batman: The Killing Joke ,dc-comics,batman-the-killing-joke,0.0,0.0,0.0,0.0,0.0,0.0,0.0,0.0,0.0,0.0,4.0,1.0,1.0
Beast Machines,transformers,beast-machines,,,,,,,,,,,,,
Beast Wars 2 Versus,transformers,beast-wars-2-versus,,,,,,,,,,,,,
Beast Wars Cybertron,transformers,beast-wars-cybertron,,,,,,,,,,,,,
Beast Wars Destrons,transformers,beast-wars-destrons,,,,,,,,,,,,,
Beast Wars II Cybertron,transformers,beast-wars-ii-cybertron,,,,,,,,,,,,,
Beast Wars II Destrons,transformers,beast-wars-ii-destrons,,,,,,,,,,,,,
Beast Wars Japan Versus,transformers,beast-wars-japan-versus,,,,,,,,,,,,,
Beast Wars Maximals,transformers,beast-wars-maximals,0.0,0.0,0.0,0.0,0.0,0.0,0.0,0.0,0.0,0.0,2.0,0.0,0.0
Beast Wars Metals Cybertron,transformers,beast-wars-metals-cybertron,,,,,,,,,,,,,
Beast Wars Metals Destrons,transformers,beast-wars-metals-destrons,,,,,,,,,,,,,
Beast Wars Metals Versus,transformers,beast-wars-metals-versus,,,,,,,,,,,,,
Beast Wars Neo Cybertrons,transformers,beast-wars-neo-cybertrons,,,,,,,,,,,,,
Beast Wars Neo Destrons,transformers,beast-wars-neo-destrons,,,,,,,,,,,,,
Beast Wars Neo Versus,transformers,beast-wars-neo-versus,,,,,,,,,,,,,
Beast Wars Predacons,transformers,beast-wars-predacons,,,,,,,,,,,,,
Beauty and The Beast,mystery-minis,beauty-and-the-beast,0.0,0.0,0.0,0.0,0.0,0.0,23.0,5.0,0.0,20.0,10.0,26.0,2.0
Beefy & Co,funko,beefy-co,0.0,3.0,0.0,0.0,0.0,0.0,0.0,0.0,0.0,0.0,0.0,0.0,0.0
Bent World Beats,kid-robot-blind-boxes,bent-world-beats,0.0,0.0,0.0,0.0,0.0,0.0,4.0,0.0,0.0,10.0,19.0,0.0,0.0
Bent World Spray Can,kid-robot-blind-boxes,bent-world-spray-can,0.0,0.0,0.0,0.0,0.0,0.0,0.0,0.0,0.0,9.0,10.0,0.0,0.0
Bent World Vandals,kid-robot-blind-boxes,bent-world-vandals,0.0,0.0,0.0,0.0,0.0,0.0,1.0,0.0,1.0,15.0,22.0,3.0,0.0
Best of Anime Series 1,mystery-minis,best-of-anime-series-1,0.0,0.0,0.0,0.0,0.0,12.0,2.0,3.0,15.0,16.0,5.0,7.0,1.0
Best of Anime Series 2,mystery-minis,best-of-anime-series-2,0.0,0.0,0.0,1.0,2.0,3.0,8.0,8.0,8.0,25.0,26.0,6.0,1.0
Bethesda,mystery-minis,bethesda,0.0,0.0,0.0,13.0,3.0,2.0,0.0,2.0,16.0,12.0,2.0,0.0,4.0
Big Bang Theory,mystery-minis,big-bang-theory,0.0,0.0,0.0,15.0,20.0,16.0,2.0,5.0,4.0,9.0,4.0,0.0,0.0
Big Hero 6,disney-infinity-figures,big-hero-6-20,0.0,0.0,0.0,8.0,7.0,1.0,0.0,5.0,7.0,3.0,12.0,4.0,3.0
Binaltech,transformers,binaltech,,,,,,,,,,,,,
Bling Squared Cute Glass,funko,bling-squared-cute-glass,,,,,,,,,,,,,
Blizzard: Heroes of the Storm,mystery-minis,blizzard-heroes-of-the-storm,0.0,0.0,0.0,0.0,2.0,0.0,0.0,0.0,0.0,5.0,8.0,3.0,4.0
BoOoya Ghost,kid-robot-blind-boxes,boooya-ghost,0.0,0.0,0.0,4.0,0.0,0.0,0.0,0.0,0.0,5.0,0.0,0.0,0.0
Bob The Artist,funko,bob-the-artist,0.0,1.0,0.0,0.0,0.0,0.0,0.0,0.0,0.0,0.0,0.0,0.0,0.0
Bob's Burgers,kid-robot-blind-boxes,bobs-burgers,0.0,0.0,0.0,2.0,0.0,0.0,0.0,1.0,0.0,3.0,0.0,0.0,2.0
Bot Shots,transformers,bot-shots,,,,,,,,,,,,,
Bots,kid-robot-blind-boxes,bots,0.0,0.0,0.0,0.0,0.0,0.0,0.0,0.0,0.0,3.0,4.0,0.0,0.0
Brave,disney-infinity-figures,brave-20,0.0,0.0,0.0,2.0,5.0,0.0,0.0,3.0,1.0,2.0,4.0,2.0,2.0
Build your Own Bag,funko,build-your-own-bag,,,,,,,,,,,,,
CLOT,berbrick,clot,0.0,0.0,0.0,0.0,0.0,0.0,0.0,0.0,0.0,0.0,0.0,2.0,1.0
Cactus Kitties Series 1,tokidoki,cactus-kitties-series-1,4.0,18.0,27.0,5.0,0.0,2.0,2.0,2.0,0.0,16.0,1.0,4.0,2.0
Cactus Pets Series 1,tokidoki,cactus-pets-series-1,5.0,3.0,17.0,4.0,1.0,5.0,0.0,5.0,1.0,14.0,2.0,11.0,6.0
Cactus Pups Series 1,tokidoki,cactus-pups-series-1,2.0,0.0,12.0,3.0,0.0,1.0,1.0,1.0,8.0,10.0,1.0,3.0,0.0
Camilla d'Errico Art,funko,camilla-derrico-art,,,,,,,,,,,,,
Cannibal Funfair,kid-robot-blind-boxes,cannibal-funfair,0.0,0.0,0.0,11.0,0.0,0.0,0.0,0.0,0.0,2.0,0.0,0.0,0.0
Captain America: Civil War,mystery-minis,captain-america-civil-war,0.0,0.0,0.0,46.0,6.0,4.0,4.0,3.0,12.0,10.0,6.0,21.0,1.0
Carnies,kid-robot-blind-boxes,carnies,0.0,0.0,0.0,0.0,0.0,0.0,6.0,0.0,0.0,1.0,0.0,1.0,0.0
Cars,disney-infinity-figures,cars-10,0.0,0.0,0.0,6.0,11.0,2.0,1.0,3.0,3.0,2.0,6.0,6.0,5.0
Chibi,funko,chibi,0.0,1.0,0.0,0.0,0.0,0.0,0.0,0.0,0.0,0.0,0.0,0.0,0.0
Chibi Essence,funko,chibi-essence,,,,,,,,,,,,,
Chibi-Robo,amiibo,chibi-robo,2.0,2.0,4.0,4.0,2.0,1.0,0.0,2.0,2.0,1.0,1.0,5.0,1.0
Christmas,berbrick,christmas,0.0,0.0,0.0,0.0,0.0,0.0,0.0,0.0,0.0,0.0,0.0,4.0,0.0
Chumps,kid-robot-blind-boxes,chumps,0.0,0.0,0.0,0.0,0.0,0.0,1.0,0.0,0.0,12.0,0.0,0.0,0.0
CiBoys 7 Deadly Cins,kid-robot-blind-boxes,ciboys-7-deadly-cins,0.0,0.0,0.0,0.0,0.0,0.0,0.0,0.0,2.0,1.0,0.0,0.0,0.0
Classic Spider-Man,mystery-minis,classic-spider-man,0.0,0.0,0.0,26.0,30.0,0.0,21.0,1.0,9.0,12.0,14.0,25.0,39.0
Clay Manns,funko,clay-manns,0.0,1.0,0.0,0.0,0.0,0.0,0.0,0.0,0.0,0.0,0.0,0.0,0.0
Colette,kid-robot-blind-boxes,colette,,,,,,,,,,,,,
Comics,rock-candy,comics,0.0,0.0,0.0,0.0,0.0,0.0,0.0,0.0,0.0,1.0,2.0,2.0,1.0
Coming Soon...,marvel-comics,coming-soon,0.0,0.0,0.0,0.0,0.0,1.0,2.0,0.0,1.0,2.0,2.0,0.0,0.0
Coming Soon...,dc-comics,coming-soon,0.0,0.0,0.0,0.0,0.0,1.0,2.0,0.0,1.0,2.0,2.0,0.0,0.0
Court of the Dead,sideshow-collectibles,court-of-the-dead,,,,,,,,,,,,,
Crayola Coloring Critters,kid-robot-blind-boxes,crayola-coloring-critters,0.0,0.0,0.0,3.0,0.0,0.0,0.0,0.0,0.0,0.0,0.0,2.0,0.0
Critter Splitter,kid-robot-blind-boxes,critter-splitter,0.0,0.0,0.0,0.0,0.0,0.0,8.0,0.0,0.0,0.0,0.0,0.0,0.0
Cucos,kid-robot-blind-boxes,cucos,0.0,0.0,0.0,1.0,0.0,2.0,0.0,0.0,0.0,1.0,0.0,0.0,0.0
Cull Obsidian Series,marvel-legends,cull-obsidian-series,0.0,0.0,0.0,0.0,0.0,0.0,0.0,0.0,0.0,0.0,0.0,0.0,17.0
Culture Fly,funko,culture-fly,,,,,,,,,,,,,
Cybertron,transformers,cybertron,,,,,,,,,,,,,
DC,funko,dc,0.0,1.0,0.0,0.0,0.0,0.0,0.0,0.0,0.0,0.0,0.0,10.0,0.0
DC,berbrick,dc,0.0,1.0,0.0,0.0,0.0,0.0,0.0,0.0,0.0,0.0,0.0,10.0,0.0
DC Comics,pint-sized-heroes,dc-comics,258.0,206.0,161.0,153.0,303.0,102.0,83.0,100.0,108.0,268.0,115.0,139.0,58.0
DC Comics,mystery-minis,dc-comics,258.0,206.0,161.0,153.0,303.0,102.0,83.0,100.0,108.0,268.0,115.0,139.0,58.0
DC Comics,sideshow-collectibles,dc-comics,258.0,206.0,161.0,153.0,303.0,102.0,83.0,100.0,108.0,268.0,115.0,139.0,58.0
DC Comics,mighty-jaxx,dc-comics,258.0,206.0,161.0,153.0,303.0,102.0,83.0,100.0,108.0,268.0,115.0,139.0,58.0
DC Comics,dorbz,dc-comics,258.0,206.0,161.0,153.0,303.0,102.0,83.0,100.0,108.0,268.0,115.0,139.0,58.0
DC Domo,mystery-minis,dc-domo,0.0,0.0,0.0,0.0,4.0,1.0,0.0,1.0,0.0,16.0,5.0,14.0,1.0
DC Labbits,kid-robot,dc-labbits,0.0,0.0,0.0,2.0,0.0,0.0,1.0,0.0,6.0,10.0,3.0,0.0,0.0
DC Super Heroes & Pets,mystery-minis,dc-super-heroes-pets,0.0,0.0,0.0,27.0,7.0,9.0,3.0,5.0,6.0,22.0,4.0,13.0,19.0
DC Universe,mystery-minis,dc-universe,0.0,0.0,0.0,6.0,12.0,25.0,2.0,3.0,10.0,27.0,7.0,2.0,11.0
DC Universe,kid-robot-blind-boxes,dc-universe,0.0,0.0,0.0,6.0,12.0,25.0,2.0,3.0,10.0,27.0,7.0,2.0,11.0
DIY,kid-robot,diy,0.0,0.0,0.0,4.0,0.0,1.0,3.0,2.0,0.0,20.0,0.0,3.0,0.0
DIY Marvel Micro Series 1,kid-robot-blind-boxes,diy-marvel-micro-series-1,0.0,0.0,0.0,2.0,0.0,0.0,2.0,0.0,0.0,3.0,1.0,0.0,0.0
DIY Marvel Micro Series 2,kid-robot-blind-boxes,diy-marvel-micro-series-2,0.0,0.0,0.0,0.0,0.0,0.0,0.0,2.0,0.0,3.0,1.0,0.0,0.0
DIY Micro Foomi,kid-robot-blind-boxes,diy-micro-foomi,,,,,,,,,,,,,
DIY Micro Munny,kid-robot-blind-boxes,diy-micro-munny,0.0,0.0,0.0,1.0,0.0,0.0,0.0,0.0,0.0,0.0,0.0,0.0,0.0
DIY Micro Raffy,kid-robot-blind-boxes,diy-micro-raffy,0.0,0.0,0.0,0.0,0.0,0.0,0.0,0.0,0.0,0.0,0.0,1.0,0.0
DIY Micro Trikky,kid-robot-blind-boxes,diy-micro-trikky,,,,,,,,,,,,,
DIY Mini Munny,kid-robot-blind-boxes,diy-mini-munny,,,,,,,,,,,,,
DKE Toys,funko,dke-toys,0.0,2.0,0.0,0.0,0.0,0.0,0.0,0.0,0.0,0.0,0.0,0.0,0.0
DKE Toys - Acquired Taste Industries,funko,dke-toys-acquired-taste-industries,,,,,,,,,,,,,
DRx Romanelli,berbrick,drx-romanelli,,,,,,,,,,,,,
DYE,funko,dye,,,,,,,,,,,,,
Daft Punk,berbrick,daft-punk,0.0,0.0,0.0,0.0,0.0,0.0,0.0,0.0,0.0,0.0,0.0,3.0,0.0
Dalek,kid-robot-blind-boxes,dalek,,,,,,,,,,,,,
Dark Horse Comics,funko,dark-horse-comics,0.0,1.0,0.0,0.0,0.0,0.0,0.0,0.0,0.0,0.0,0.0,0.0,0.0
Deadly Sins ,kid-robot-blind-boxes,deadly-sins,,,,,,,,,,,,,
Debilz,kid-robot-blind-boxes,debilz,,,,,,,,,,,,,
Deisgner Toy Awards,kid-robot-blind-boxes,deisgner-toy-awards,,,,,,,,,,,,,
Despicable Me,mystery-minis,despicable-me,0.0,0.0,0.0,2.0,4.0,6.0,0.0,5.0,0.0,25.0,18.0,0.0,0.0
Despicable Me 3 ,pint-sized-heroes,despicable-me-3,0.0,0.0,0.0,0.0,2.0,12.0,8.0,1.0,0.0,1.0,26.0,3.0,0.0
Diamond Select,funko,diamond-select,,,,,,,,,,,,,
Dinosauria,sideshow-collectibles,dinosauria,,,,,,,,,,,,,
Disney,sideshow-collectibles,disney,181.0,158.0,134.0,64.0,137.0,51.0,128.0,97.0,74.0,145.0,96.0,167.0,68.0
Disney,dorbz,disney,181.0,158.0,134.0,64.0,137.0,51.0,128.0,97.0,74.0,145.0,96.0,167.0,68.0
Disney,berbrick,disney,181.0,158.0,134.0,64.0,137.0,51.0,128.0,97.0,74.0,145.0,96.0,167.0,68.0
Disney,rock-candy,disney,181.0,158.0,134.0,64.0,137.0,51.0,128.0,97.0,74.0,145.0,96.0,167.0,68.0
Disney ,pint-sized-heroes,disney,0.0,0.0,0.0,42.0,14.0,21.0,8.0,20.0,0.0,33.0,21.0,2.0,12.0
Disney Afternoon,mystery-minis,disney-afternoon,0.0,0.0,0.0,0.0,0.0,0.0,0.0,0.0,14.0,74.0,31.0,10.0,27.0
Disney Heroes vs Villains,mystery-minis,disney-heroes-vs-villains,0.0,0.0,0.0,18.0,8.0,8.0,5.0,10.0,0.0,35.0,38.0,20.0,8.0
Disney Princesses,mystery-minis,disney-princesses,0.0,0.0,0.0,21.0,15.0,20.0,20.0,7.0,5.0,83.0,87.0,28.0,18.0
Disney Series 1,mystery-minis,disney-series-1,0.0,0.0,0.0,27.0,25.0,18.0,6.0,22.0,0.0,29.0,50.0,10.0,9.0
Disney Series 2,mystery-minis,disney-series-2,0.0,0.0,0.0,31.0,12.0,10.0,5.0,19.0,0.0,52.0,69.0,6.0,4.0
Disney Villains,mystery-minis,disney-villains,0.0,0.0,0.0,18.0,10.0,27.0,13.0,5.0,3.0,45.0,44.0,18.0,24.0
Doctor Who,sideshow-collectibles,doctor-who,,,,,,,,,,,,,
Donutella & Friends MISC,tokidoki,donutella-friends-misc,0.0,0.0,0.0,0.0,0.0,0.0,0.0,1.0,0.0,1.0,0.0,1.0,0.0
Donutella and Her Sweet Friends,tokidoki,donutella-and-her-sweet-friends,3.0,10.0,32.0,0.0,2.0,17.0,0.0,9.0,0.0,20.0,7.0,6.0,0.0
Dorbz Funko Originals,dorbz,dorbz-funko-originals,1.0,1.0,1.0,0.0,6.0,0.0,4.0,0.0,2.0,5.0,0.0,1.0,2.0
Dorbz Ridez,dorbz,dorbz-ridez,115.0,79.0,88.0,81.0,112.0,72.0,81.0,40.0,60.0,59.0,53.0,78.0,39.0
Dorbz XL,dorbz,dorbz-xl,28.0,16.0,17.0,6.0,29.0,7.0,20.0,8.0,17.0,16.0,3.0,2.0,3.0
Dormammu Series,marvel-legends,dormammu-series,0.0,0.0,0.0,0.0,0.0,0.0,0.0,0.0,0.0,0.0,0.0,0.0,6.0
Dr. Seuss,mystery-minis,dr-seuss,21.0,9.0,0.0,6.0,8.0,1.0,6.0,4.0,1.0,6.0,1.0,3.0,2.0
Dr. Seuss,dorbz,dr-seuss,21.0,9.0,0.0,6.0,8.0,1.0,6.0,4.0,1.0,6.0,1.0,3.0,2.0
Dunny Series 1,kid-robot-blind-boxes,dunny-series-1,,,,,,,,,,,,,
Dunny Series 10,kid-robot-blind-boxes,dunny-series-10,0.0,0.0,0.0,0.0,0.0,0.0,0.0,0.0,0.0,0.0,0.0,2.0,1.0
Dunny Series 11,kid-robot-blind-boxes,dunny-series-11,,,,,,,,,,,,,
Dunny Series 2,kid-robot-blind-boxes,dunny-series-2,0.0,0.0,0.0,0.0,0.0,0.0,0.0,0.0,0.0,0.0,0.0,2.0,0.0
Dunny Series 3,kid-robot-blind-boxes,dunny-series-3,0.0,0.0,0.0,0.0,0.0,0.0,0.0,0.0,0.0,0.0,0.0,3.0,0.0
Dunny Series 4,kid-robot-blind-boxes,dunny-series-4,0.0,0.0,0.0,0.0,0.0,0.0,0.0,0.0,0.0,0.0,0.0,4.0,0.0
Dunny Series 5,kid-robot-blind-boxes,dunny-series-5,0.0,0.0,0.0,0.0,0.0,0.0,0.0,0.0,0.0,0.0,0.0,5.0,1.0
Dunny Series 6,kid-robot-blind-boxes,dunny-series-6,0.0,0.0,0.0,0.0,1.0,0.0,0.0,0.0,0.0,0.0,0.0,1.0,0.0
Dunny Series 7,kid-robot-blind-boxes,dunny-series-7,0.0,0.0,0.0,0.0,0.0,0.0,0.0,0.0,0.0,0.0,0.0,9.0,0.0
Dunny Series 8,kid-robot-blind-boxes,dunny-series-8,0.0,0.0,0.0,0.0,0.0,0.0,0.0,0.0,0.0,0.0,0.0,5.0,0.0
Dunny Series 9,kid-robot-blind-boxes,dunny-series-9,0.0,0.0,0.0,0.0,0.0,0.0,0.0,0.0,0.0,0.0,0.0,9.0,0.0
Endangered ,kid-robot-blind-boxes,endangered,,,,,,,,,,,,,
Energon,transformers,energon,,,,,,,,,,,,,
Evil Skaters,kid-robot-blind-boxes,evil-skaters,,,,,,,,,,,,,
Evolved,kid-robot-blind-boxes,evolved,,,,,,,,,,,,,
Fallout,mystery-minis,fallout,0.0,0.0,0.0,10.0,16.0,0.0,0.0,4.0,16.0,15.0,9.0,1.0,1.0
Fallout 4,mystery-minis,fallout-4,0.0,0.0,0.0,9.0,27.0,0.0,0.0,10.0,19.0,14.0,12.0,6.0,6.0
Family Guy,kid-robot-blind-boxes,family-guy,0.0,0.0,0.0,9.0,0.0,0.0,0.0,0.0,7.0,1.0,6.0,2.0,0.0
Fantastic Beasts,rock-candy,fantastic-beasts,0.0,0.0,0.0,0.0,0.0,0.0,0.0,0.0,0.0,0.0,0.0,0.0,5.0
Fatale,kid-robot-blind-boxes,fatale,0.0,0.0,0.0,0.0,0.0,0.0,0.0,0.0,0.0,0.0,0.0,0.0,1.0
Fatcap,kid-robot,fatcap,0.0,0.0,0.0,6.0,2.0,0.0,0.0,0.0,0.0,1.0,0.0,0.0,0.0
Fatcap Series 1,kid-robot-blind-boxes,fatcap-series-1,,,,,,,,,,,,,
Fatcap Series 2,kid-robot-blind-boxes,fatcap-series-2,,,,,,,,,,,,,
Fatcap Series 3,kid-robot-blind-boxes,fatcap-series-3,0.0,0.0,0.0,0.0,0.0,0.0,1.0,0.0,0.0,0.0,0.0,4.0,0.0
Finders Keepers,kid-robot-blind-boxes,finders-keepers,0.0,0.0,0.0,0.0,0.0,0.0,0.0,0.0,0.0,0.0,0.0,2.0,0.0
Finding Dory,mystery-minis,finding-dory,0.0,0.0,0.0,24.0,10.0,4.0,1.0,26.0,5.0,31.0,28.0,10.0,3.0
Finding Dory,disney-infinity-figures,finding-dory-30,0.0,0.0,0.0,24.0,10.0,4.0,1.0,26.0,5.0,31.0,28.0,10.0,3.0
Fire Emblem,amiibo,fire-emblem,4.0,5.0,4.0,6.0,7.0,6.0,5.0,11.0,9.0,1.0,7.0,9.0,4.0
Five Nights at Freddy's,pint-sized-heroes,five-nights-at-freddys,0.0,0.0,0.0,0.0,21.0,1.0,0.0,21.0,0.0,3.0,25.0,35.0,22.0
Five Nights at Freddy's Nightvision,mystery-minis,five-nights-at-freddys-nightvision,0.0,0.0,0.0,1.0,0.0,2.0,5.0,13.0,0.0,1.0,14.0,16.0,12.0
Five Nights at Freddy's Series 1,mystery-minis,five-nights-at-freddys-series-1,0.0,0.0,0.0,4.0,14.0,2.0,1.0,17.0,0.0,13.0,11.0,44.0,14.0
Five Nights at Freddy's Series 2,mystery-minis,five-nights-at-freddys-series-2,0.0,0.0,0.0,1.0,2.0,4.0,12.0,31.0,2.0,20.0,17.0,72.0,22.0
Flow-Bot,kid-robot-blind-boxes,flow-bot,0.0,0.0,0.0,0.0,0.0,0.0,0.0,0.0,0.0,0.0,0.0,1.0,0.0
Fossil,pokemon-cards,fossil,0.0,0.0,0.0,0.0,4.0,0.0,2.0,27.0,0.0,0.0,2.0,0.0,0.0
Fractured But Whole,kid-robot-blind-boxes,fractured-but-whole,,,,,,,,,,,,,
Frank Frazetta,sideshow-collectibles,frank-frazetta,,,,,,,,,,,,,
Freddy Funko,hikari,freddy-funko,17.0,7.0,10.0,5.0,18.0,3.0,8.0,14.0,7.0,8.0,6.0,5.0,4.0
Freddy Funko,dorbz,freddy-funko,17.0,7.0,10.0,5.0,18.0,3.0,8.0,14.0,7.0,8.0,6.0,5.0,4.0
French,kid-robot-blind-boxes,french,0.0,0.0,0.0,0.0,0.0,0.0,0.0,0.0,1.0,0.0,0.0,0.0,0.0
Frozen,disney-infinity-figures,frozen-10,0.0,0.0,0.0,5.0,8.0,8.0,8.0,7.0,8.0,16.0,26.0,8.0,3.0
Frozen,mystery-minis,frozen,0.0,0.0,0.0,5.0,8.0,8.0,8.0,7.0,8.0,16.0,26.0,8.0,3.0
Fugitive Toys,funko,fugitive-toys,,,,,,,,,,,,,
Funko,funko,funko,0.0,32.0,0.0,0.0,2.0,2.0,1.0,3.0,0.0,1.0,1.0,1.0,1.0
Futurama Series 1,kid-robot-blind-boxes,futurama-series-1,0.0,0.0,0.0,0.0,0.0,0.0,0.0,0.0,0.0,0.0,2.0,0.0,0.0
Futurama Series 2,kid-robot-blind-boxes,futurama-series-2,0.0,0.0,0.0,0.0,0.0,0.0,0.0,0.0,0.0,0.0,2.0,0.0,0.0
G.I. Joe,sideshow-collectibles,gi-joe,,,,,,,,,,,,,
G11 MiWe,kid-robot-blind-boxes,g11-miwe,,,,,,,,,,,,,
G2 1993,transformers,g2-1993,,,,,,,,,,,,,
G2 1994,transformers,g2-1994,,,,,,,,,,,,,
Game of Thrones,rock-candy,game-of-thrones,14.0,16.0,0.0,15.0,40.0,10.0,13.0,35.0,12.0,10.0,11.0,13.0,31.0
Game of Thrones,sideshow-collectibles,game-of-thrones,14.0,16.0,0.0,15.0,40.0,10.0,13.0,35.0,12.0,10.0,11.0,13.0,31.0
Game of Thrones,dorbz,game-of-thrones,14.0,16.0,0.0,15.0,40.0,10.0,13.0,35.0,12.0,10.0,11.0,13.0,31.0
Game of Thrones Series 1,mystery-minis,game-of-thrones-series-1,0.0,0.0,0.0,13.0,25.0,2.0,0.0,1.0,0.0,3.0,6.0,10.0,0.0
Game of Thrones Series 2,mystery-minis,game-of-thrones-series-2,0.0,0.0,0.0,11.0,28.0,2.0,0.0,0.0,0.0,5.0,4.0,14.0,0.0
Game of Thrones Series 3,mystery-minis,game-of-thrones-series-3,0.0,0.0,0.0,3.0,21.0,0.0,0.0,0.0,0.0,1.0,1.0,4.0,0.0
Game of Thrones Series In Memoriam,mystery-minis,game-of-thrones-series-in-memoriam,0.0,0.0,0.0,0.0,0.0,0.0,0.0,0.0,3.0,2.0,2.0,3.0,0.0
Games,rock-candy,games,0.0,0.0,0.0,17.0,28.0,8.0,15.0,17.0,9.0,10.0,12.0,10.0,10.0
Gamma Mutant Space Friends,kid-robot-blind-boxes,gamma-mutant-space-friends,0.0,0.0,0.0,0.0,0.0,0.0,0.0,0.0,0.0,0.0,0.0,3.0,3.0
Garbage Pail Kids Really Big,mystery-minis,garbage-pail-kids-really-big,0.0,0.0,0.0,6.0,4.0,17.0,3.0,0.0,0.0,18.0,1.0,2.0,1.0
Garbage Pail Kids Series 2,mystery-minis,garbage-pail-kids-series-2,0.0,0.0,0.0,0.0,1.0,8.0,0.0,0.0,0.0,12.0,3.0,1.0,0.0
Gears of War,mystery-minis,gears-of-war,0.0,0.0,0.0,0.0,0.0,1.0,0.0,11.0,1.0,3.0,8.0,2.0,0.0
Giant Man Series,marvel-legends,giant-man-series,0.0,0.0,0.0,0.0,0.0,0.0,0.0,0.0,0.0,0.0,0.0,0.0,4.0
Giants,skylanders,giants,71.0,0.0,63.0,1.0,49.0,14.0,21.0,7.0,69.0,1.0,17.0,6.0,5.0
Gladiator Hulk,marvel-legends,gladiator-hulk,0.0,0.0,0.0,0.0,0.0,0.0,0.0,0.0,0.0,0.0,0.0,0.0,7.0
Gloomy Bear,kid-robot,gloomy-bear,0.0,0.0,0.0,4.0,4.0,0.0,2.0,2.0,0.0,3.0,3.0,0.0,2.0
Gold Life,kid-robot-blind-boxes,gold-life,,,,,,,,,,,,,
Goon Squad,kid-robot-blind-boxes,goon-squad,,,,,,,,,,,,,
Gorillaz,kid-robot,gorillaz,0.0,0.0,0.0,21.0,0.0,0.0,0.0,0.0,2.0,12.0,3.0,0.0,0.0
Grateful Dead,berbrick,grateful-dead,0.0,0.0,0.0,0.0,0.0,0.0,0.0,0.0,0.0,0.0,0.0,3.0,0.0
Green Goblin Series,marvel-legends,green-goblin-series,,,,,,,,,,,,,
Grimlock and Swoop,transformers,grimlock-and-swoop,,,,,,,,,,,,,
Groot Series,marvel-legends,groot-series,0.0,0.0,0.0,0.0,0.0,0.0,0.0,0.0,0.0,0.0,0.0,0.0,15.0
"Guardians Of The Galaxy, Vol. 2 ",pint-sized-heroes,guardians-of-the-galaxy-vol-2,0.0,0.0,0.0,15.0,23.0,12.0,4.0,18.0,9.0,26.0,21.0,21.0,7.0
Guardians of the Galaxy,mystery-minis,guardians-of-the-galaxy,0.0,0.0,0.0,12.0,0.0,3.0,1.0,6.0,11.0,4.0,0.0,1.0,1.0
Guyver,sideshow-collectibles,guyver,,,,,,,,,,,,,
Gym Challenge,pokemon-cards,gym-challenge,0.0,0.0,0.0,0.0,0.0,0.0,24.0,49.0,1.0,0.0,2.0,0.0,0.0
Gym Heroes,pokemon-cards,gym-heroes,0.0,0.0,0.0,0.0,0.0,0.0,0.0,39.0,0.0,0.0,0.0,0.0,0.0
Happy Labbit,kid-robot-blind-boxes,happy-labbit,,,,,,,,,,,,,
Happy Labbit Personal Happiness,kid-robot-blind-boxes,happy-labbit-personal-happiness,,,,,,,,,,,,,
Harry Potter,rock-candy,harry-potter,0.0,0.0,0.0,16.0,70.0,19.0,25.0,36.0,18.0,29.0,37.0,58.0,74.0
Harry Potter,sideshow-collectibles,harry-potter,0.0,0.0,0.0,16.0,70.0,19.0,25.0,36.0,18.0,29.0,37.0,58.0,74.0
Harry Potter Series 1,mystery-minis,harry-potter-series-1,0.0,0.0,0.0,35.0,94.0,34.0,37.0,57.0,32.0,113.0,87.0,88.0,11.0
Harry Potter Series 2,mystery-minis,harry-potter-series-2,0.0,0.0,0.0,0.0,0.0,0.0,44.0,63.0,71.0,105.0,68.0,93.0,18.0
Harry Potter Series 3,mystery-minis,harry-potter-series-3,0.0,0.0,0.0,0.0,0.0,0.0,0.0,0.0,15.0,96.0,107.0,114.0,8.0
Heatherette: The Empire,kid-robot-blind-boxes,heatherette-the-empire,,,,,,,,,,,,,
Hello Kitty,mystery-minis,hello-kitty,0.0,0.0,0.0,0.0,0.0,0.0,16.0,0.0,1.0,0.0,2.0,16.0,3.0
Hello Kitty 7-Eleven,tokidoki,hello-kitty-7-eleven,5.0,13.0,37.0,2.0,0.0,2.0,11.0,3.0,5.0,33.0,9.0,3.0,3.0
Hello Kitty Blind Box Series 1,tokidoki,hello-kitty-blind-box-series-1,1.0,5.0,12.0,0.0,1.0,4.0,7.0,3.0,0.0,16.0,1.0,15.0,3.0
Hello Kitty Misc,tokidoki,hello-kitty-misc,1.0,14.0,18.0,0.0,0.0,2.0,1.0,1.0,2.0,10.0,1.0,5.0,1.0
Heroes,rock-candy,heroes,0.0,0.0,0.0,47.0,112.0,72.0,92.0,64.0,56.0,83.0,58.0,100.0,83.0
Heroes and Heartbreakers,kid-robot-blind-boxes,heroes-and-heartbreakers,,,,,,,,,,,,,
Heroes of Burgertown,kid-robot-blind-boxes,heroes-of-burgertown,,,,,,,,,,,,,
Hikari Sofubi,hikari,hikari-sofubi,0.0,0.0,0.0,0.0,0.0,0.0,0.0,0.0,0.0,0.0,148.0,85.0,102.0
Hikari XS,hikari,hikari-xs,0.0,0.0,0.0,0.0,0.0,0.0,0.0,0.0,0.0,0.0,38.0,31.0,38.0
Hit Monkey Series,marvel-legends,hit-monkey-series,0.0,0.0,0.0,0.0,0.0,0.0,0.0,0.0,0.0,0.0,0.0,0.0,1.0
Hobgoblin Series,marvel-legends,hobgoblin-series,0.0,0.0,0.0,0.0,0.0,0.0,0.0,0.0,0.0,0.0,0.0,0.0,12.0
Horrible Adorables,kid-robot,horrible-adorables,0.0,0.0,0.0,0.0,0.0,0.0,7.0,0.0,0.0,1.0,0.0,7.0,0.0
Horror,dorbz,horror,8.0,1.0,2.0,0.0,4.0,1.0,1.0,3.0,1.0,2.0,1.0,4.0,0.0
Horror,sideshow-collectibles,horror,8.0,1.0,2.0,0.0,4.0,1.0,1.0,3.0,1.0,2.0,1.0,4.0,0.0
Horror Series 1,mystery-minis,horror-series-1,0.0,0.0,0.0,39.0,41.0,24.0,0.0,33.0,4.0,27.0,28.0,10.0,10.0
Horror Series 2,mystery-minis,horror-series-2,0.0,0.0,0.0,45.0,42.0,19.0,4.0,21.0,5.0,26.0,15.0,16.0,14.0
Horror Series 3,mystery-minis,horror-series-3,0.0,0.0,0.0,36.0,36.0,27.0,1.0,32.0,2.0,21.0,22.0,16.0,16.0
How To Train Your Dragon 2,mystery-minis,how-to-train-your-dragon-2,0.0,0.0,0.0,0.0,6.0,2.0,0.0,0.0,0.0,19.0,5.0,5.0,0.0
Hulkbuster (Infinite Series),marvel-legends,hulkbuster-infinite-series,0.0,0.0,0.0,0.0,0.0,0.0,0.0,0.0,0.0,0.0,0.0,0.0,6.0
IT,funko,it,,,,,,,,,,,,,
IT,mystery-minis,it,,,,,,,,,,,,,
Ice-Bots,kid-robot-blind-boxes,ice-bots,,,,,,,,,,,,,
Imaginext,funko,imaginext,0.0,1.0,0.0,0.0,2.0,0.0,0.0,0.0,0.0,1.0,0.0,1.0,0.0
Incredibles 2,mystery-minis,incredibles-2,0.0,0.0,0.0,0.0,0.0,0.0,0.0,1.0,6.0,55.0,15.0,31.0,3.0
Independence Day,sideshow-collectibles,independence-day,,,,,,,,,,,,,
Infinity War Series 1,marvel-legends,infinity-war-series-1,0.0,0.0,0.0,0.0,0.0,0.0,0.0,0.0,0.0,0.0,0.0,0.0,27.0
Inside Out,mystery-minis,inside-out,0.0,0.0,0.0,33.0,11.0,0.0,12.0,11.0,7.0,12.0,47.0,17.0,11.0
Inside Out,disney-infinity-figures,inside-out-30,0.0,0.0,0.0,33.0,11.0,0.0,12.0,11.0,7.0,12.0,47.0,17.0,11.0
Instinc Toys,funko,instinc-toys,,,,,,,,,,,,,
Iron Monger Series,marvel-legends,iron-monger-series,0.0,0.0,0.0,0.0,0.0,0.0,0.0,0.0,0.0,0.0,0.0,0.0,2.0
James Bond,sideshow-collectibles,james-bond,,,,,,,,,,,,,
Janky Series 1 ,superplastic,janky-series-1,0.0,0.0,0.0,0.0,0.0,0.0,0.0,0.0,0.0,15.0,5.0,7.0,4.0
Jason Christman,funko,jason-christman,,,,,,,,,,,,,
Jason Fabok,funko,jason-fabok,0.0,1.0,0.0,0.0,0.0,0.0,0.0,0.0,0.0,0.0,0.0,0.0,0.0
Jesse Wichmann,funko,jesse-wichmann,,,,,,,,,,,,,
Joe Harris,funko,joe-harris,,,,,,,,,,,,,
Jubilee Series,marvel-legends,jubilee-series,,,,,,,,,,,,,
Juggernaut Series,marvel-legends,juggernaut-series,,,,,,,,,,,,,
Jungle,pokemon-cards,jungle,0.0,0.0,1.0,0.0,0.0,0.0,1.0,11.0,0.0,0.0,1.0,0.0,0.0
Jungle Book,disney-infinity-figures,jungle-book-30,0.0,0.0,0.0,3.0,2.0,1.0,2.0,2.0,2.0,1.0,4.0,3.0,2.0
Justice League,mystery-minis,justice-league,0.0,0.0,0.0,0.0,0.0,0.0,9.0,18.0,0.0,18.0,4.0,8.0,0.0
KAWS,berbrick,kaws,0.0,0.0,0.0,0.0,0.0,0.0,0.0,0.0,0.0,0.0,0.0,0.0,1.0
Karimoku,berbrick,karimoku,0.0,0.0,0.0,0.0,0.0,0.0,0.0,0.0,0.0,0.0,0.0,7.0,1.0
Kibbles & Labbits,kid-robot-blind-boxes,kibbles-labbits,0.0,0.0,0.0,0.0,0.0,0.0,0.0,0.0,0.0,0.0,0.0,2.0,0.0
Kidrobot Black,kid-robot,kidrobot-black,0.0,0.0,0.0,5.0,0.0,0.0,11.0,0.0,0.0,4.0,3.0,0.0,0.0
Kidrobot Mascots,kid-robot,kidrobot-mascots,0.0,0.0,0.0,2.0,0.0,2.0,0.0,0.0,0.0,49.0,13.0,0.0,1.0
Kiiro Mini,kid-robot-blind-boxes,kiiro-mini,,,,,,,,,,,,,
Kirby,amiibo,kirby,7.0,14.0,18.0,16.0,5.0,9.0,7.0,12.0,14.0,2.0,17.0,23.0,4.0
Kiss Players,transformers,kiss-players,,,,,,,,,,,,,
Kotobukiya,funko,kotobukiya,0.0,1.0,0.0,0.0,0.0,0.0,0.0,0.0,0.0,0.0,0.0,0.0,0.0
L.A. ,kid-robot-blind-boxes,la,0.0,0.0,0.0,0.0,0.0,0.0,0.0,0.0,0.0,0.0,1.0,0.0,0.0
Labbit Band Camp 3000,kid-robot-blind-boxes,labbit-band-camp-3000,,,,,,,,,,,,,
Labbit Packs,kid-robot,labbit-packs,0.0,0.0,0.0,0.0,0.0,0.0,0.0,0.0,0.0,0.0,2.0,0.0,0.0
Labbits,kid-robot,labbits,0.0,0.0,0.0,3.0,9.0,0.0,16.0,0.0,5.0,14.0,1.0,4.0,0.0
League of Legends,mystery-minis,league-of-legends,0.0,0.0,0.0,0.0,0.0,0.0,0.0,0.0,2.0,14.0,11.0,3.0,0.0
Legendary Collection,pokemon-cards,legendary-collection,0.0,0.0,0.0,0.0,0.0,0.0,1.0,10.0,0.0,1.0,0.0,2.0,1.0
Levis,berbrick,levis,0.0,0.0,0.0,0.0,0.0,0.0,0.0,0.0,0.0,0.0,0.0,1.0,0.0
Life in Ventsville,kid-robot-blind-boxes,life-in-ventsville,,,,,,,,,,,,,
Lilo & Stitch,disney-infinity-figures,lilo-stitch-20,0.0,0.0,0.0,3.0,6.0,1.0,1.0,4.0,3.0,4.0,3.0,4.0,3.0
Little Lazies,funko,little-lazies,,,,,,,,,,,,,
Lizard Series,marvel-legends,lizard-series,0.0,0.0,0.0,0.0,0.0,0.0,0.0,0.0,0.0,0.0,0.0,0.0,13.0
Loaded Barrel Studios,funko,loaded-barrel-studios,,,,,,,,,,,,,
Looney Tunes,kid-robot-blind-boxes,looney-tunes,7.0,6.0,4.0,6.0,3.0,2.0,6.0,1.0,7.0,10.0,8.0,15.0,12.0
Looney Tunes,mighty-jaxx,looney-tunes,7.0,6.0,4.0,6.0,3.0,2.0,6.0,1.0,7.0,10.0,8.0,15.0,12.0
Lootcrate,funko,lootcrate,0.0,4.0,0.0,0.0,3.0,6.0,6.0,6.0,3.0,2.0,3.0,1.0,0.0
Lord of the Rings,sideshow-collectibles,lord-of-the-rings,,,,,,,,,,,,,
Lore of the Labbit,kid-robot-blind-boxes,lore-of-the-labbit,,,,,,,,,,,,,
Loungefly,funko,loungefly,0.0,7.0,5.0,6.0,5.0,3.0,0.0,5.0,2.0,1.0,0.0,3.0,0.0
"Love is Big, Love is Be@rbrick",berbrick,love-is-big-love-is-berbrick,0.0,0.0,0.0,0.0,0.0,0.0,0.0,0.0,0.0,0.0,0.0,3.0,0.0
Madballs,kid-robot-blind-boxes,madballs,,,,,,,,,,,,,
Man-Thing Series,marvel-legends,man-thing-series,0.0,0.0,0.0,0.0,0.0,0.0,0.0,0.0,0.0,0.0,0.0,0.0,9.0
Mandroid,marvel-legends,mandroid,,,,,,,,,,,,,
Mandroid Series,marvel-legends,mandroid-series,0.0,0.0,0.0,0.0,0.0,0.0,0.0,0.0,0.0,0.0,0.0,0.0,10.0
Maneki Neko,berbrick,maneki-neko,0.0,0.0,0.0,0.0,0.0,0.0,0.0,0.0,0.0,0.0,0.0,5.0,1.0
Mantis Series,marvel-legends,mantis-series,0.0,0.0,0.0,0.0,0.0,0.0,0.0,0.0,0.0,0.0,0.0,0.0,16.0
Many Faces of Cartman,kid-robot-blind-boxes,many-faces-of-cartman,,,,,,,,,,,,,
Mardivale,kid-robot-blind-boxes,mardivale,,,,,,,,,,,,,
Mario Sports Superstars,amiibo-cards,mario-sports-superstars,7.0,0.0,1.0,0.0,89.0,0.0,1.0,10.0,28.0,1.0,0.0,1.0,1.0
Marvel,mystery-minis,marvel,237.0,260.0,203.0,82.0,336.0,98.0,127.0,242.0,172.0,223.0,145.0,241.0,84.0
Marvel,rock-candy,marvel,237.0,260.0,203.0,82.0,336.0,98.0,127.0,242.0,172.0,223.0,145.0,241.0,84.0
Marvel,sideshow-collectibles,marvel,237.0,260.0,203.0,82.0,336.0,98.0,127.0,242.0,172.0,223.0,145.0,241.0,84.0
Marvel,dorbz,marvel,237.0,260.0,203.0,82.0,336.0,98.0,127.0,242.0,172.0,223.0,145.0,241.0,84.0
Marvel,berbrick,marvel,237.0,260.0,203.0,82.0,336.0,98.0,127.0,242.0,172.0,223.0,145.0,241.0,84.0
Marvel,funko,marvel,237.0,260.0,203.0,82.0,336.0,98.0,127.0,242.0,172.0,223.0,145.0,241.0,84.0
Marvel Comics,disney-infinity-figures,marvel-comics-20,0.0,0.0,0.0,58.0,52.0,7.0,18.0,47.0,86.0,47.0,92.0,109.0,51.0
Marvel Crossovers,transformers,marvel-crossovers,,,,,,,,,,,,,
Marvel Labbits,kid-robot,marvel-labbits,0.0,0.0,0.0,5.0,1.0,0.0,2.0,3.0,6.0,7.0,14.0,6.0,1.0
Mastermind Japan,berbrick,mastermind-japan,0.0,0.0,0.0,0.0,0.0,0.0,0.0,0.0,0.0,0.0,0.0,3.0,0.0
Masterpiece Hasbro,transformers,masterpiece-hasbro,,,,,,,,,,,,,
Masterpiece Takara,transformers,masterpiece-takara,,,,,,,,,,,,,
Masters of the Universe,dorbz,masters-of-the-universe,19.0,13.0,6.0,0.0,12.0,5.0,14.0,12.0,3.0,7.0,19.0,3.0,2.0
Masters of the Universe,sideshow-collectibles,masters-of-the-universe,19.0,13.0,6.0,0.0,12.0,5.0,14.0,12.0,3.0,7.0,19.0,3.0,2.0
McFarlane Toys,funko,mcfarlane-toys,,,,,,,,,,,,,
Medicom,funko,medicom,,,,,,,,,,,,,
Mega Dorbz,dorbz,mega-dorbz,14.0,0.0,1.0,0.0,7.0,8.0,5.0,11.0,5.0,1.0,7.0,5.0,1.0
Mega Man,kid-robot-blind-boxes,mega-man,0.0,0.0,0.0,0.0,0.0,0.0,0.0,0.0,0.0,0.0,1.0,0.0,0.0
Mermicorno Frenzies Series 1,tokidoki,mermicorno-frenzies-series-1,0.0,0.0,0.0,0.0,0.0,0.0,0.0,0.0,0.0,0.0,2.0,1.0,0.0
Mermicorno Plush Blind Bag ,tokidoki,mermicorno-plush-blind-bag,,,,,,,,,,,,,
Mermicornos Misc,tokidoki,mermicornos-misc,2.0,2.0,3.0,0.0,0.0,0.0,0.0,0.0,0.0,1.0,1.0,0.0,0.0
Mermicornos Series 1,tokidoki,mermicornos-series-1,15.0,4.0,13.0,8.0,3.0,3.0,2.0,3.0,0.0,8.0,18.0,3.0,0.0
Mermicornos Series 2,tokidoki,mermicornos-series-2,0.0,0.0,0.0,0.0,0.0,0.0,1.0,2.0,2.0,9.0,19.0,3.0,3.0
Metroid,amiibo,metroid,0.0,0.0,0.0,6.0,1.0,2.0,2.0,4.0,1.0,3.0,6.0,2.0,1.0
Mezco Toys,funko,mezco-toys,0.0,1.0,0.0,0.0,0.0,0.0,0.0,0.0,0.0,0.0,0.0,0.0,0.0
Mezco Toys - Living Dead Dolls,funko,mezco-toys-living-dead-dolls,,,,,,,,,,,,,
Mickey Mouse,disney-infinity-figures,mickey-mouse-10,0.0,0.0,0.0,5.0,11.0,0.0,4.0,12.0,8.0,8.0,12.0,20.0,8.0
Mighty Jaxx,mighty-jaxx,mighty-jaxx,45.0,25.0,17.0,10.0,9.0,1.0,1.0,6.0,20.0,11.0,16.0,6.0,9.0
Mini Marvel Series 1,kid-robot-blind-boxes,mini-marvel-series-1,0.0,0.0,0.0,0.0,0.0,0.0,2.0,4.0,3.0,2.0,4.0,5.0,0.0
Mini Marvel Series 2,kid-robot-blind-boxes,mini-marvel-series-2,0.0,0.0,0.0,0.0,0.0,0.0,0.0,0.0,2.0,3.0,0.0,2.0,0.0
Mini Totem Doppelganger,kid-robot-blind-boxes,mini-totem-doppelganger,,,,,,,,,,,,,
Minions,mystery-minis,minions,0.0,0.0,0.0,0.0,1.0,1.0,0.0,10.0,0.0,15.0,3.0,0.0,0.0
Misc,berbrick,misc,0.0,0.0,0.0,0.0,0.0,0.0,0.0,0.0,0.0,0.0,0.0,9.0,6.0
Misc,sideshow-collectibles,misc,0.0,0.0,0.0,0.0,0.0,0.0,0.0,0.0,0.0,0.0,0.0,9.0,6.0
Mishka x Kidrobot,kid-robot-blind-boxes,mishka-x-kidrobot,,,,,,,,,,,,,
Misko Mini,kid-robot-blind-boxes,misko-mini,,,,,,,,,,,,,
MoMo,funko,momo,,,,,,,,,,,,,
Moana,mystery-minis,moana,0.0,0.0,0.0,0.0,6.0,1.0,2.0,24.0,7.0,34.0,12.0,15.0,1.0
Mochi,kid-robot-blind-boxes,mochi,,,,,,,,,,,,,
Mongers Filter Kings,kid-robot-blind-boxes,mongers-filter-kings,,,,,,,,,,,,,
Mongers Menthols,kid-robot-blind-boxes,mongers-menthols,,,,,,,,,,,,,
Monogram International,funko,monogram-international,,,,,,,,,,,,,
Monster Hunter Stories,amiibo,monster-hunter-stories,6.0,7.0,6.0,10.0,3.0,3.0,6.0,10.0,8.0,2.0,5.0,9.0,4.0
Monster Venom,marvel-legends,monster-venom,0.0,0.0,0.0,0.0,0.0,0.0,0.0,0.0,0.0,0.0,0.0,0.0,7.0
Monsters Inc.,disney-infinity-figures,monsters-inc-10,0.0,0.0,0.0,2.0,7.0,0.0,3.0,8.0,3.0,4.0,7.0,13.0,7.0
Moofia Misc,tokidoki,moofia-misc,2.0,3.0,1.0,1.0,0.0,0.0,0.0,1.0,0.0,2.0,0.0,0.0,1.0
Moofia Series 1,tokidoki,moofia-series-1,11.0,1.0,17.0,3.0,11.0,5.0,1.0,5.0,3.0,16.0,0.0,1.0,12.0
Moofia Series 2,tokidoki,moofia-series-2,6.0,1.0,15.0,2.0,1.0,16.0,1.0,4.0,4.0,10.0,0.0,2.0,9.0
Mortal Kombat,sideshow-collectibles,mortal-kombat,,,,,,,,,,,,,
Movies,rock-candy,movies,137.0,115.0,96.0,51.0,168.0,40.0,55.0,154.0,25.0,72.0,71.0,55.0,35.0
Movies,dorbz,movies,137.0,115.0,96.0,51.0,168.0,40.0,55.0,154.0,25.0,72.0,71.0,55.0,35.0
Movies,berbrick,movies,137.0,115.0,96.0,51.0,168.0,40.0,55.0,154.0,25.0,72.0,71.0,55.0,35.0
Mulan,disney-infinity-figures,mulan-30,0.0,0.0,0.0,2.0,3.0,0.0,4.0,3.0,0.0,2.0,4.0,4.0,3.0
My First B@by Be@rbrick,berbrick,my-first-bby-berbrick,,,,,,,,,,,,,
My Little Pony Series 1,mystery-minis,my-little-pony-series-1,0.0,0.0,0.0,9.0,1.0,0.0,11.0,10.0,0.0,0.0,4.0,0.0,0.0
My Little Pony Series 2,mystery-minis,my-little-pony-series-2,0.0,0.0,0.0,7.0,0.0,1.0,15.0,6.0,0.0,0.0,0.0,0.0,0.0
My Little Pony Series 3,mystery-minis,my-little-pony-series-3,0.0,0.0,0.0,2.0,1.0,0.0,7.0,7.0,0.0,5.0,3.0,0.0,0.0
Nemesis Series,marvel-legends,nemesis-series,0.0,0.0,0.0,0.0,0.0,0.0,0.0,0.0,0.0,0.0,0.0,0.0,3.0
Neo Destiny,pokemon-cards,neo-destiny,0.0,1.0,1.0,0.0,0.0,0.0,0.0,19.0,0.0,1.0,1.0,0.0,0.0
Neo Discovery,pokemon-cards,neo-discovery,0.0,0.0,0.0,0.0,0.0,0.0,4.0,0.0,0.0,0.0,0.0,0.0,0.0
Neo Genesis,pokemon-cards,neo-genesis,0.0,0.0,0.0,0.0,0.0,0.0,13.0,0.0,0.0,1.0,0.0,0.0,0.0
Neo Revelation,pokemon-cards,neo-revelation,0.0,0.0,0.0,0.0,0.0,0.0,9.0,0.0,0.0,0.0,4.0,1.0,3.0
Neon Genesis Evangelion,sideshow-collectibles,neon-genesis-evangelion,,,,,,,,,,,,,
New Era / SuperHeroStuff,funko,new-era-superherostuff,,,,,,,,,,,,,
Nickelodeon,funko,nickelodeon,,,,,,,,,,,,,
Nightmare Before Christmas,dorbz,nightmare-before-christmas,25.0,37.0,28.0,0.0,32.0,19.0,5.0,23.0,1.0,16.0,5.0,10.0,9.0
Nightmare Before Christmas Series 1,mystery-minis,nightmare-before-christmas-series-1,0.0,0.0,0.0,15.0,48.0,14.0,3.0,7.0,0.0,26.0,30.0,6.0,21.0
Nightmare Before Christmas Series 2,mystery-minis,nightmare-before-christmas-series-2,0.0,0.0,0.0,13.0,38.0,7.0,3.0,1.0,2.0,17.0,22.0,8.0,19.0
Nightriders,kid-robot-blind-boxes,nightriders,0.0,0.0,0.0,0.0,0.0,0.0,0.0,0.0,0.0,0.0,0.0,3.0,0.0
Ninjatown Wee,kid-robot-blind-boxes,ninjatown-wee,,,,,,,,,,,,,
Non-Series,mystery-minis,non-series,0.0,0.0,0.0,4.0,1.0,0.0,0.0,2.0,3.0,5.0,17.0,8.0,6.0
One Piece,mystery-minis,one-piece,0.0,0.0,0.0,0.0,0.0,0.0,0.0,1.0,2.0,4.0,0.0,7.0,15.0
Overwatch Convention Exclusive,funko,overwatch-convention-exclusive,,,,,,,,,,,,,
Oyoke,marvel-legends,oyoke,0.0,0.0,0.0,0.0,0.0,0.0,0.0,0.0,0.0,0.0,0.0,0.0,8.0
Peanuts,berbrick,peanuts,,,,,,,,,,,,,
Peecol,kid-robot,peecol,0.0,0.0,0.0,18.0,0.0,0.0,22.0,1.0,0.0,0.0,0.0,0.0,0.0
Penguin Random House,funko,penguin-random-house,,,,,,,,,,,,,
Peter Pan,disney-infinity-figures,peter-pan-20,0.0,0.0,0.0,1.0,3.0,0.0,5.0,2.0,2.0,0.0,2.0,2.0,1.0
Phineas and Ferb,disney-infinity-figures,phineas-and-ferb-10,0.0,0.0,0.0,5.0,4.0,0.0,3.0,0.0,0.0,3.0,2.0,3.0,4.0
Pikmin,amiibo,pikmin,4.0,3.0,5.0,4.0,3.0,1.0,0.0,2.0,2.0,0.0,5.0,3.0,2.0
Pirates of the Caribbean,disney-infinity-figures,pirates-of-the-caribbean-10,0.0,0.0,0.0,2.0,9.0,0.0,2.0,1.0,9.0,8.0,1.0,7.0,5.0
Pocket God,mystery-minis,pocket-god,0.0,0.0,0.0,7.0,0.0,0.0,0.0,0.0,4.0,16.0,2.0,0.0,0.0
Pocket Pop,funko-other,pocket-pop,0.0,0.0,0.0,0.0,0.0,0.0,0.0,0.0,0.0,0.0,0.0,0.0,1.0
Poetic Earth,funko,poetic-earth,,,,,,,,,,,,,
Pop Minded,funko,pop-minded,,,,,,,,,,,,,
Pop!,kid-robot-blind-boxes,pop,0.0,0.0,0.0,1.0,0.0,0.0,0.0,0.0,0.0,0.0,0.0,1.0,0.0
Pop! 8-Bit,funko,pop-8-bit,22.0,406.0,514.0,542.0,422.0,262.0,332.0,468.0,253.0,443.0,648.0,465.0,305.0
Pop! Ad Icons,funko,pop-ad-icons,264.0,372.0,365.0,891.0,291.0,158.0,301.0,370.0,394.0,431.0,1692.0,1561.0,1238.0
Pop! Animation,funko,pop-animation,6602.0,6166.0,5524.0,5005.0,5052.0,2994.0,4279.0,4786.0,3958.0,4767.0,11165.0,8425.0,5413.0
Pop! Asia,funko,pop-asia,325.0,273.0,378.0,214.0,214.0,107.0,183.0,257.0,176.0,85.0,222.0,390.0,171.0
Pop! Board Games,funko,board-games,0.0,39.0,122.0,100.0,68.0,38.0,54.0,63.0,62.0,57.0,73.0,94.0,68.0
Pop! Board Games,funko,pop-board-games,0.0,39.0,122.0,100.0,68.0,38.0,54.0,63.0,62.0,57.0,73.0,94.0,68.0
Pop! Books,funko,pop-books,403.0,402.0,402.0,359.0,337.0,143.0,149.0,264.0,230.0,249.0,236.0,282.0,154.0
Pop! Classics,funko,pop-classics,28.0,9.0,14.0,13.0,9.0,11.0,16.0,16.0,13.0,11.0,20.0,29.0,7.0
Pop! Comics,funko,pop-comics,312.0,107.0,171.0,132.0,120.0,69.0,128.0,118.0,158.0,119.0,165.0,140.0,81.0
Pop! Conan,funko,pop-conan,145.0,48.0,87.0,58.0,76.0,32.0,72.0,34.0,71.0,79.0,372.0,310.0,121.0
Pop! Corn,kid-robot-blind-boxes,pop-corn,0.0,0.0,0.0,0.0,0.0,0.0,0.0,0.0,0.0,0.0,1.0,0.0,0.0
Pop! Disney,funko,pop-disney,10998.0,8278.0,7950.0,6580.0,6286.0,4348.0,6801.0,8254.0,6902.0,8215.0,10860.0,8733.0,6591.0
Pop! Drag Queens,funko,pop-drag-queens,0.0,0.0,0.0,0.0,49.0,26.0,35.0,39.0,30.0,31.0,29.0,20.0,12.0
Pop! Fantastic Beasts,funko,pop-fantastic-beasts,452.0,348.0,294.0,313.0,221.0,204.0,191.0,259.0,263.0,265.0,224.0,348.0,1179.0
Pop! Football,funko,pop-football,220.0,226.0,232.0,297.0,309.0,195.0,119.0,170.0,190.0,164.0,126.0,198.0,369.0
Pop! Freddy Funko,funko,pop-freddy-funko,389.0,267.0,649.0,379.0,344.0,88.0,136.0,146.0,237.0,240.0,481.0,575.0,265.0
Pop! Funko,funko,pop-funko,111.0,101.0,97.0,79.0,49.0,47.0,37.0,32.0,39.0,52.0,70.0,86.0,59.0
Pop! Furry n' Fierce,funko,pop-furry-n-fierce,5.0,6.0,8.0,5.0,5.0,1.0,5.0,1.0,3.0,4.0,4.0,5.0,3.0
Pop! Game of Thrones,funko,pop-game-of-thrones,2387.0,1474.0,1092.0,1228.0,764.0,530.0,901.0,1254.0,610.0,626.0,1251.0,928.0,898.0
Pop! Games,funko,pop-games,3873.0,3111.0,3622.0,3579.0,2424.0,1414.0,2220.0,3452.0,2669.0,3062.0,3777.0,3464.0,2519.0
Pop! Garbage Pail Kids,funko,pop-garbage-pail-kids,0.0,0.0,0.0,0.0,0.0,2.0,57.0,35.0,27.0,22.0,32.0,22.0,22.0
Pop! Giant,funko,pop-giant,180.0,119.0,138.0,114.0,131.0,44.0,59.0,93.0,64.0,78.0,174.0,114.0,67.0
Pop! Halo,funko,pop-halo,63.0,74.0,54.0,70.0,24.0,89.0,61.0,97.0,95.0,103.0,152.0,101.0,97.0
Pop! Harry Potter,funko,pop-harry-potter,2534.0,1458.0,1679.0,1473.0,1379.0,892.0,1197.0,1364.0,1914.0,1778.0,2131.0,1972.0,1830.0
Pop! Heroes,funko,pop-heroes,5035.0,4062.0,3771.0,3175.0,2896.0,1309.0,2313.0,2591.0,2269.0,2841.0,3595.0,2576.0,2259.0
Pop! Hockey,funko,pop-hockey,48.0,86.0,131.0,16.0,21.0,41.0,31.0,48.0,44.0,25.0,30.0,25.0,37.0
Pop! Holidays,funko,pop-holidays,372.0,275.0,320.0,342.0,186.0,105.0,109.0,203.0,144.0,166.0,189.0,215.0,106.0
Pop! League of Legends,funko,pop-league-of-legends,66.0,37.0,43.0,28.0,32.0,20.0,17.0,30.0,51.0,38.0,35.0,29.0,14.0
Pop! MLB,funko,pop-mlb,39.0,15.0,26.0,16.0,25.0,31.0,39.0,77.0,52.0,46.0,68.0,76.0,42.0
Pop! Magic,funko,pop-magic,93.0,25.0,68.0,58.0,6.0,26.0,15.0,36.0,11.0,16.0,48.0,22.0,49.0
Pop! Marvel,funko,pop-marvel,6634.0,4251.0,4786.0,4868.0,3233.0,2093.0,5343.0,5582.0,7041.0,6663.0,8267.0,7676.0,6043.0
Pop! Minis,funko,pop-minis,102.0,125.0,94.0,80.0,66.0,40.0,51.0,32.0,42.0,40.0,112.0,106.0,57.0
Pop! Monsters,funko,pop-monsters,140.0,84.0,71.0,53.0,26.0,25.0,42.0,23.0,26.0,117.0,72.0,80.0,87.0
Pop! Movies,funko,pop-movies,7906.0,5327.0,4788.0,4465.0,3858.0,2835.0,4272.0,5947.0,4323.0,4521.0,5595.0,5376.0,4501.0
Pop! Muppets,funko,pop-muppets,208.0,117.0,122.0,124.0,105.0,29.0,71.0,142.0,130.0,137.0,149.0,84.0,69.0
Pop! My Little Pony,funko,pop-my-little-pony,84.0,132.0,44.0,68.0,108.0,36.0,40.0,25.0,39.0,40.0,43.0,108.0,24.0
Pop! Myths,funko,pop-myths,0.0,0.0,0.0,0.0,0.0,29.0,70.0,37.0,26.0,20.0,33.0,331.0,321.0
Pop! Pets,funko,pop-pets,103.0,69.0,76.0,93.0,108.0,26.0,52.0,89.0,50.0,55.0,120.0,75.0,59.0
Pop! Protectors,funko,pop-protectors,0.0,0.0,0.0,8.0,5.0,3.0,8.0,4.0,4.0,10.0,18.0,5.0,4.0
Pop! Pups,kid-robot-blind-boxes,pop-pups,,,,,,,,,,,,,
Pop! Rides,funko,pop-rides,663.0,400.0,375.0,594.0,443.0,233.0,360.0,522.0,386.0,416.0,696.0,696.0,553.0
Pop! Rocks,funko,pop-rocks,712.0,493.0,327.0,499.0,428.0,363.0,449.0,547.0,353.0,447.0,530.0,660.0,567.0
Pop! Royals,funko,pop-royals,0.0,0.0,0.0,99.0,124.0,71.0,74.0,45.0,65.0,32.0,65.0,68.0,35.0
Pop! Sanrio,funko,pop-sanrio,59.0,49.0,42.0,57.0,33.0,18.0,23.0,26.0,29.0,36.0,36.0,42.0,43.0
Pop! Saturday Night Live,funko,pop-saturday-night-live,0.0,0.0,0.0,0.0,0.0,0.0,63.0,44.0,23.0,32.0,26.0,50.0,25.0
Pop! Sci-Fi,funko,pop-sci-fi,19.0,11.0,17.0,14.0,9.0,0.0,3.0,11.0,11.0,11.0,24.0,11.0,16.0
Pop! Sesame Street,funko,pop-sesame-street,203.0,141.0,191.0,146.0,125.0,72.0,66.0,156.0,147.0,93.0,149.0,99.0,67.0
Pop! Soccer,funko,pop-soccer,0.0,0.0,0.0,0.0,54.0,18.0,14.0,45.0,17.0,43.0,42.0,42.0,36.0
Pop! South Park,funko,pop-south-park,241.0,257.0,190.0,196.0,185.0,79.0,76.0,109.0,80.0,102.0,55.0,159.0,56.0
Pop! Sports,funko,pop-sports,136.0,72.0,80.0,167.0,100.0,46.0,33.0,76.0,108.0,120.0,173.0,82.0,90.0
Pop! Stan Lee,funko,pop-stan-lee,61.0,99.0,99.0,47.0,40.0,3.0,21.0,16.0,32.0,13.0,53.0,73.0,13.0
Pop! Star Wars,funko,pop-star-wars,4633.0,2579.0,3336.0,4424.0,2709.0,1394.0,1725.0,2653.0,3046.0,2010.0,2775.0,1845.0,1958.0
Pop! Television,funko,pop-television,8081.0,5456.0,7519.0,6919.0,6109.0,3316.0,4208.0,5314.0,4695.0,4461.0,6283.0,5424.0,4683.0
Pop! The Vote,funko,pop-the-vote,31.0,47.0,34.0,31.0,31.0,11.0,16.0,19.0,41.0,29.0,26.0,40.0,26.0
Pop! UFC,funko,pop-ufc,30.0,15.0,19.0,12.0,20.0,22.0,17.0,26.0,14.0,24.0,22.0,20.0,6.0
Pop! Uglydoll,funko,pop-uglydoll,50.0,59.0,10.0,44.0,19.0,4.0,6.0,19.0,19.0,21.0,11.0,22.0,41.0
Pop! Valiant,funko,pop-valiant,3.0,2.0,1.0,1.0,0.0,0.0,0.0,2.0,0.0,0.0,0.0,1.0,0.0
Pop! Wrestling,funko,pop-wrestling,451.0,560.0,386.0,302.0,539.0,238.0,307.0,539.0,310.0,441.0,386.0,596.0,349.0
Pop! Zodiac,funko,pop-zodiac,28.0,40.0,41.0,68.0,59.0,37.0,58.0,74.0,92.0,63.0,80.0,82.0,37.0
PopMinded by Hallmark,funko,popminded-by-hallmark,,,,,,,,,,,,,
Post Apocalypse,kid-robot-blind-boxes,post-apocalypse,,,,,,,,,,,,,
Power Ponies,mystery-minis,power-ponies,0.0,0.0,0.0,7.0,0.0,0.0,18.0,0.0,0.0,0.0,3.0,2.0,0.0
Power Rangers ,pint-sized-heroes,power-rangers,0.0,0.0,0.0,42.0,0.0,2.0,0.0,14.0,1.0,3.0,2.0,12.0,0.0
Power of the Force,star-wars-kenner,power-of-the-force,9.0,3.0,0.0,31.0,1.0,24.0,2.0,2.0,0.0,1.0,10.0,1.0,0.0
Predator,sideshow-collectibles,predator,,,,,,,,,,,,,
Prime,transformers,prime,,,,,,,,,,,,,
Puck Series,marvel-legends,puck-series,0.0,0.0,0.0,0.0,0.0,0.0,0.0,0.0,0.0,0.0,0.0,0.0,3.0
Pure Trance,kid-robot-blind-boxes,pure-trance,,,,,,,,,,,,,
Qbby,amiibo,qbby,4.0,4.0,4.0,3.0,0.0,2.0,4.0,4.0,2.0,1.0,3.0,4.0,1.0
Razor's Edge Collectibles,funko,razors-edge-collectibles,,,,,,,,,,,,,
Razors Edge Collectibles,funko,razors-edge-collectibles,,,,,,,,,,,,,
Red Skull Onslaught,marvel-legends,red-skull-onslaught,0.0,0.0,0.0,0.0,0.0,0.0,0.0,0.0,0.0,0.0,0.0,0.0,1.0
Retro Video Games,mystery-minis,retro-video-games,0.0,0.0,0.0,21.0,26.0,10.0,1.0,2.0,6.0,15.0,2.0,9.0,7.0
Return of the Jedi,star-wars-kenner,return-of-the-jedi,26.0,1.0,0.0,21.0,0.0,20.0,4.0,6.0,0.0,8.0,0.0,33.0,10.0
Rhino Series,marvel-legends,rhino-series,0.0,0.0,0.0,0.0,0.0,0.0,0.0,0.0,0.0,0.0,0.0,0.0,11.0
Rick & Morty,funko,rick-morty,0.0,2.0,0.0,0.0,0.0,0.0,0.0,0.0,0.0,0.0,0.0,0.0,0.0
Rick and Morty,mystery-minis,rick-and-morty,0.0,0.0,0.0,68.0,65.0,24.0,10.0,14.0,5.0,22.0,33.0,59.0,25.0
Rizzo Michelle,funko,rizzo-michelle,0.0,3.0,0.0,0.0,0.0,0.0,0.0,0.0,0.0,0.0,0.0,0.0,0.0
Rocket Raccoon Series,marvel-legends,rocket-raccoon-series,0.0,0.0,0.0,0.0,0.0,0.0,0.0,0.0,0.0,0.0,0.0,0.0,4.0
Rollin' Stock ,kid-robot-blind-boxes,rollin-stock,,,,,,,,,,,,,
Royal Pride Series 1,tokidoki,royal-pride-series-1,8.0,17.0,12.0,1.0,1.0,1.0,9.0,3.0,0.0,1.0,1.0,1.0,0.0
SAGA,funko,saga,,,,,,,,,,,,,
SP//DR Series,marvel-legends,spdr-series,0.0,0.0,0.0,0.0,0.0,0.0,0.0,0.0,0.0,0.0,0.0,0.0,8.0
Sailor Moon,mystery-minis,sailor-moon,0.0,0.0,0.0,0.0,0.0,0.0,0.0,0.0,0.0,0.0,33.0,2.0,36.0
Sandman Series,marvel-legends,sandman-series,0.0,0.0,0.0,0.0,0.0,0.0,0.0,0.0,0.0,0.0,0.0,0.0,11.0
Santa Cruz Skateboards,garbage-pail-kids,santa-cruz-skateboards,0.0,1.0,1.0,0.0,0.0,1.0,0.0,0.0,1.0,3.0,0.0,0.0,0.0
Sasquatch Series,marvel-legends,sasquatch-series,0.0,0.0,0.0,0.0,0.0,0.0,0.0,0.0,0.0,0.0,0.0,0.0,9.0
Sauron Series,marvel-legends,sauron-series,0.0,0.0,0.0,0.0,0.0,0.0,0.0,0.0,0.0,0.0,0.0,0.0,4.0
Scarygirl City Folk,kid-robot-blind-boxes,scarygirl-city-folk,,,,,,,,,,,,,
Scarygirl Swamp Folk,kid-robot-blind-boxes,scarygirl-swamp-folk,,,,,,,,,,,,,
Science Fiction,pint-sized-heroes,science-fiction,0.0,0.0,0.0,0.0,0.0,0.0,0.0,0.0,17.0,12.0,6.0,31.0,2.0
Science Fiction Series 1,mystery-minis,science-fiction-series-1,0.0,0.0,0.0,37.0,16.0,5.0,12.0,3.0,2.0,21.0,8.0,9.0,0.0
Science Fiction Series 2,mystery-minis,science-fiction-series-2,0.0,0.0,0.0,31.0,22.0,7.0,11.0,4.0,8.0,18.0,4.0,17.0,4.0
Sculptures,kaws,sculptures,0.0,0.0,0.0,0.0,0.0,0.0,0.0,0.0,0.0,0.0,6.0,56.0,46.0
Sea Punk Frenzies,tokidoki,sea-punk-frenzies,0.0,0.0,0.0,0.0,0.0,0.0,0.0,0.0,0.0,0.0,1.0,2.0,0.0
Secrets of the Sire & Dren Productions,funko,secrets-of-the-sire-dren-productions,,,,,,,,,,,,,
Sesame Street,berbrick,sesame-street,0.0,0.0,0.0,0.0,0.0,0.0,0.0,0.0,0.0,0.0,0.0,0.0,2.0
Sex Pistols,berbrick,sex-pistols,0.0,0.0,0.0,0.0,0.0,0.0,0.0,0.0,0.0,0.0,0.0,1.0,0.0
Shadow MewTwo,amiibo-cards,shadow-mewtwo,1.0,1.0,0.0,0.0,1.0,2.0,1.0,0.0,4.0,0.0,2.0,3.0,1.0
Shah Mat,kid-robot-blind-boxes,shah-mat,,,,,,,,,,,,,
Shake a Tongue,kid-robot-blind-boxes,shake-a-tongue,,,,,,,,,,,,,
Shovel Knight,amiibo,shovel-knight,4.0,5.0,5.0,5.0,2.0,1.0,3.0,5.0,4.0,2.0,1.0,3.0,1.0
Simpsons,berbrick,simpsons,0.0,0.0,0.0,0.0,0.0,0.0,0.0,0.0,0.0,0.0,0.0,0.0,1.0
Simpsons 25th Anniversary,kid-robot-blind-boxes,simpsons-25th-anniversary,0.0,0.0,0.0,0.0,0.0,0.0,0.0,0.0,0.0,1.0,1.0,0.0,0.0
Simpsons Series 1,kid-robot-blind-boxes,simpsons-series-1,0.0,0.0,0.0,0.0,0.0,0.0,0.0,1.0,0.0,0.0,0.0,0.0,0.0
Simpsons Series 2,kid-robot-blind-boxes,simpsons-series-2,0.0,0.0,0.0,0.0,0.0,0.0,0.0,0.0,0.0,0.0,1.0,1.0,0.0
Simpsons Tree House of Horrors,kid-robot-blind-boxes,simpsons-tree-house-of-horrors,0.0,0.0,0.0,0.0,1.0,0.0,0.0,0.0,0.0,0.0,0.0,1.0,0.0
Simpsons x Kidrobot,kid-robot,simpsons-x-kidrobot,0.0,0.0,0.0,6.0,7.0,1.0,3.0,0.0,2.0,36.0,10.0,1.0,1.0
SketBot,kid-robot-blind-boxes,sketbot,,,,,,,,,,,,,
Skylanders: SuperChargers,amiibo,skylanders-superchargers,1.0,2.0,3.0,0.0,1.0,1.0,0.0,0.0,2.0,1.0,2.0,0.0,2.0
Sleeping Beauty,disney-infinity-figures,sleeping-beauty-20,0.0,0.0,0.0,1.0,2.0,0.0,2.0,3.0,0.0,2.0,4.0,5.0,2.0
Smorkin' Labbits Series 1,kid-robot-blind-boxes,smorkin-labbits-series-1,,,,,,,,,,,,,
Smorkin' Labbits Series 2,kid-robot-blind-boxes,smorkin-labbits-series-2,,,,,,,,,,,,,
Smorkin' Labbits Series 3,kid-robot-blind-boxes,smorkin-labbits-series-3,,,,,,,,,,,,,
Smorkin' Labbits Series 4,kid-robot-blind-boxes,smorkin-labbits-series-4,,,,,,,,,,,,,
Smorkin' Labbits: Now With Fried Chicken!,kid-robot-blind-boxes,smorkin-labbits-now-with-fried-chicken,0.0,0.0,0.0,0.0,0.0,0.0,0.0,0.0,0.0,0.0,1.0,0.0,0.0
Smorkin' Mongers,kid-robot-blind-boxes,smorkin-mongers,0.0,0.0,0.0,0.0,1.0,0.0,0.0,0.0,0.0,0.0,0.0,0.0,0.0
Solo Movies,mystery-minis,solo-movies,0.0,0.0,0.0,0.0,0.0,0.0,0.0,2.0,7.0,10.0,0.0,5.0,14.0
Sonic The Hedgehog,kid-robot-blind-boxes,sonic-the-hedgehog,0.0,0.0,0.0,0.0,0.0,2.0,0.0,0.0,0.0,0.0,1.0,0.0,0.0
South Park,kid-robot-blind-boxes,south-park,0.0,0.0,0.0,0.0,0.0,0.0,0.0,0.0,0.0,14.0,1.0,16.0,0.0
South Park x Kidrobot,kid-robot,south-park-x-kidrobot,0.0,0.0,0.0,0.0,4.0,0.0,1.0,0.0,0.0,10.0,0.0,7.0,3.0
Space Venom Series,marvel-legends,space-venom-series,0.0,0.0,0.0,0.0,0.0,0.0,0.0,0.0,0.0,0.0,0.0,0.0,9.0
SpaceLab9,funko,spacelab9,,,,,,,,,,,,,
Special Edition Dunny,kid-robot,special-edition-dunny,0.0,0.0,0.0,3.0,2.0,3.0,1.0,4.0,1.0,11.0,3.0,8.0,5.0
Spider Web Art,funko,spider-web-art,,,,,,,,,,,,,
Spider-Man,pint-sized-heroes,spider-man,0.0,0.0,0.0,14.0,22.0,1.0,0.0,12.0,4.0,15.0,34.0,12.0,28.0
Spk2,kid-robot-blind-boxes,spk2,,,,,,,,,,,,,
Splatoon,amiibo,splatoon,20.0,34.0,29.0,38.0,13.0,17.0,16.0,43.0,24.0,24.0,59.0,36.0,29.0
Sports,berbrick,sports,,,,,,,,,,,,,
Spyda,funko,spyda,,,,,,,,,,,,,
Spyro's Adventures,skylanders,spyros-adventures,47.0,0.0,15.0,0.0,33.0,1.0,13.0,0.0,22.0,8.0,11.0,22.0,4.0
Stan Lee,dorbz,stan-lee,6.0,1.0,0.0,2.0,3.0,1.0,2.0,1.0,1.0,2.0,0.0,1.0,0.0
Star Trek,sideshow-collectibles,star-trek,,,,,,,,,,,,,
Star Wars,sideshow-collectibles,star-wars,28.0,0.0,5.0,56.0,64.0,38.0,24.0,113.0,71.0,60.0,53.0,116.0,75.0
Star Wars,disney-infinity-figures,star-wars-30,28.0,0.0,5.0,56.0,64.0,38.0,24.0,113.0,71.0,60.0,53.0,116.0,75.0
Star Wars,star-wars-kenner,star-wars,28.0,0.0,5.0,56.0,64.0,38.0,24.0,113.0,71.0,60.0,53.0,116.0,75.0
Star Wars,mystery-minis,star-wars,28.0,0.0,5.0,56.0,64.0,38.0,24.0,113.0,71.0,60.0,53.0,116.0,75.0
Star Wars,berbrick,star-wars,28.0,0.0,5.0,56.0,64.0,38.0,24.0,113.0,71.0,60.0,53.0,116.0,75.0
Star Wars,dorbz,star-wars,28.0,0.0,5.0,56.0,64.0,38.0,24.0,113.0,71.0,60.0,53.0,116.0,75.0
Star Wars Crossovers,transformers,star-wars-crossovers,,,,,,,,,,,,,
Star Wars Rebels,disney-infinity-figures,star-wars-rebels-30,0.0,0.0,0.0,9.0,7.0,0.0,2.0,5.0,1.0,5.0,12.0,7.0,3.0
Stardust Crusaders,funko,stardust-crusaders,,,,,,,,,,,,,
Statues,covetly-store,statues,0.0,3.0,2.0,1.0,0.0,0.0,0.0,0.0,1.0,0.0,0.0,1.0,1.0
Steven Universe,mystery-minis,steven-universe,0.0,0.0,0.0,30.0,21.0,0.0,18.0,5.0,4.0,11.0,15.0,19.0,0.0
Steven Universe,pint-sized-heroes,steven-universe,0.0,0.0,0.0,30.0,21.0,0.0,18.0,5.0,4.0,11.0,15.0,19.0,0.0
Steven Universe,funko,steven-universe,0.0,0.0,0.0,30.0,21.0,0.0,18.0,5.0,4.0,11.0,15.0,19.0,0.0
Sticky Monster Lab,mighty-jaxx,sticky-monster-lab,3.0,0.0,0.0,0.0,0.0,0.0,0.0,0.0,0.0,0.0,0.0,3.0,0.0
Storm Collectibles,funko,storm-collectibles,,,,,,,,,,,,,
Stranger Things,mystery-minis,stranger-things,0.0,0.0,0.0,0.0,0.0,0.0,3.0,31.0,18.0,15.0,6.0,9.0,22.0
Strawberry Shortcake,dorbz,strawberry-shortcake,3.0,0.0,0.0,0.0,2.0,0.0,0.0,4.0,1.0,0.0,0.0,4.0,0.0
Street Fighter,funko,street-fighter,,,,,,,,,,,,,
Street Fighter,sideshow-collectibles,street-fighter,,,,,,,,,,,,,
Street Fighter ,pint-sized-heroes,street-fighter,0.0,0.0,0.0,0.0,5.0,1.0,0.0,2.0,0.0,1.0,2.0,0.0,0.0
Street Fighter Series 1,kid-robot-blind-boxes,street-fighter-series-1,,,,,,,,,,,,,
Street Fighter Series 2,kid-robot-blind-boxes,street-fighter-series-2,,,,,,,,,,,,,
Street Fighter Series 3,kid-robot-blind-boxes,street-fighter-series-3,,,,,,,,,,,,,
Street Fighter x Kidrobot,kid-robot,street-fighter-x-kidrobot,0.0,0.0,0.0,0.0,0.0,3.0,0.0,1.0,0.0,6.0,0.0,0.0,0.0
Suicide Squad,mystery-minis,suicide-squad,0.0,0.0,0.0,19.0,28.0,16.0,9.0,12.0,9.0,32.0,9.0,12.0,12.0
Super Deluxe,funko-other,super-deluxe,0.0,0.0,0.0,0.0,0.0,0.0,0.0,0.0,0.0,0.0,0.0,16.0,57.0
Super Mario,amiibo,super-mario,64.0,89.0,108.0,107.0,47.0,43.0,40.0,107.0,57.0,66.0,101.0,81.0,45.0
Super Mario Maker,amiibo,super-mario-maker,5.0,9.0,12.0,10.0,7.0,1.0,8.0,12.0,8.0,5.0,11.0,8.0,6.0
Super Smash Bros.,amiibo,super-smash-bros,179.0,165.0,189.0,179.0,154.0,52.0,118.0,182.0,290.0,143.0,222.0,222.0,137.0
Super Sox Shop,funko,super-sox-shop,,,,,,,,,,,,,
Super7,funko,super7,0.0,1.0,0.0,0.0,0.0,0.0,0.0,0.0,0.0,0.0,0.0,0.0,0.0
SuperChargers,skylanders,superchargers,35.0,1.0,11.0,0.0,25.0,8.0,6.0,3.0,17.0,0.0,11.0,0.0,5.0
Superjanky,superplastic,superjanky,0.0,0.0,0.0,0.0,0.0,0.0,0.0,0.0,0.0,4.0,0.0,3.0,0.0
Supernatural,mystery-minis,supernatural,0.0,0.0,0.0,0.0,34.0,12.0,20.0,11.0,6.0,0.0,14.0,7.0,0.0
Swap Force,skylanders,swap-force,77.0,3.0,43.0,5.0,52.0,7.0,8.0,13.0,38.0,4.0,23.0,11.0,13.0
Swatch ,kid-robot,swatch,0.0,0.0,0.0,0.0,0.0,0.0,0.0,0.0,0.0,1.0,0.0,1.0,1.0
TMNT,sideshow-collectibles,tmnt,,,,,,,,,,,,,
TMNT,kid-robot-blind-boxes,tmnt,,,,,,,,,,,,,
TMNT Shellshock,kid-robot-blind-boxes,tmnt-shellshock,0.0,0.0,0.0,0.0,0.0,0.0,0.0,4.0,0.0,0.0,0.0,0.0,0.0
TMNT x Kidrobot,kid-robot,tmnt-x-kidrobot,0.0,0.0,0.0,8.0,0.0,0.0,0.0,0.0,0.0,8.0,2.0,2.0,0.0
Tangled,disney-infinity-figures,tangled-10,0.0,0.0,0.0,1.0,2.0,1.0,4.0,3.0,3.0,2.0,4.0,4.0,1.0
Tattoo,kid-robot-blind-boxes,tattoo,,,,,,,,,,,,,
Team Rocket,pokemon-cards,team-rocket,0.0,0.0,2.0,0.0,0.0,0.0,10.0,0.0,0.0,0.0,0.0,0.0,0.0
Teenage Mutant Ninja Turtles,mystery-minis,teenage-mutant-ninja-turtles,0.0,0.0,0.0,13.0,19.0,0.0,0.0,1.0,3.0,8.0,0.0,0.0,12.0
Television,dorbz,television,189.0,151.0,193.0,103.0,244.0,93.0,76.0,253.0,86.0,163.0,115.0,233.0,120.0
Television,rock-candy,television,189.0,151.0,193.0,103.0,244.0,93.0,76.0,253.0,86.0,163.0,115.0,233.0,120.0
Terminator,sideshow-collectibles,terminator,,,,,,,,,,,,,
Terrax Series,marvel-legends,terrax-series,0.0,0.0,0.0,0.0,0.0,0.0,0.0,0.0,0.0,0.0,0.0,0.0,1.0
Test,funko,test,,,,,,,,,,,,,
Thanos Series,marvel-legends,thanos-series,0.0,0.0,0.0,0.0,0.0,0.0,0.0,0.0,0.0,0.0,0.0,0.0,4.0
The 13,kid-robot-blind-boxes,the-13,0.0,0.0,0.0,0.0,0.0,0.0,0.0,1.0,0.0,0.0,1.0,0.0,0.0
The Empire Strikes Back,star-wars-kenner,the-empire-strikes-back,22.0,0.0,0.0,17.0,2.0,11.0,4.0,1.0,0.0,6.0,1.0,9.0,1.0
The Good Dinosaur,disney-infinity-figures,the-good-dinosaur-30,0.0,0.0,0.0,1.0,2.0,0.0,1.0,0.0,0.0,0.0,0.0,1.0,1.0
The Incredibles,disney-infinity-figures,the-incredibles-10,0.0,0.0,0.0,3.0,11.0,0.0,6.0,7.0,9.0,10.0,8.0,18.0,8.0
The Legend of Zelda,amiibo,the-legend-of-zelda,59.0,75.0,105.0,53.0,76.0,80.0,76.0,111.0,72.0,54.0,64.0,101.0,70.0
The Lone Ranger,disney-infinity-figures,the-lone-ranger-10,0.0,0.0,0.0,3.0,4.0,0.0,2.0,0.0,2.0,3.0,2.0,4.0,3.0
The Nightmare Before Christmas,disney-infinity-figures,the-nightmare-before-christmas-10,0.0,0.0,0.0,2.0,2.0,2.0,2.0,1.0,2.0,2.0,1.0,4.0,4.0
The Odd Ones,kid-robot-blind-boxes,the-odd-ones,0.0,0.0,0.0,0.0,0.0,0.0,0.0,0.0,0.0,0.0,0.0,2.0,0.0
The Witcher 3,sideshow-collectibles,the-witcher-3,,,,,,,,,,,,,
The Witcher 4,sideshow-collectibles,the-witcher-4,,,,,,,,,,,,,
The Witcher 5,sideshow-collectibles,the-witcher-5,,,,,,,,,,,,,
The Witcher 6,sideshow-collectibles,the-witcher-6,,,,,,,,,,,,,
The Witcher 7,sideshow-collectibles,the-witcher-7,,,,,,,,,,,,,
The Witcher 8,sideshow-collectibles,the-witcher-8,,,,,,,,,,,,,
Things That Hurt,kid-robot-blind-boxes,things-that-hurt,,,,,,,,,,,,,
Things That Hurt Blind Box,kid-robot,things-that-hurt-blind-box,,,,,,,,,,,,,
Thor Ragnarok,mystery-minis,thor-ragnarok,0.0,0.0,0.0,0.0,0.0,0.0,9.0,12.0,20.0,38.0,16.0,18.0,13.0
Thoughts in Jeremyville,kid-robot-blind-boxes,thoughts-in-jeremyville,,,,,,,,,,,,,
Tic Toc Apocalypse,kid-robot-blind-boxes,tic-toc-apocalypse,,,,,,,,,,,,,
Til Death Do Us Part,tokidoki,til-death-do-us-part,1.0,11.0,6.0,1.0,1.0,12.0,1.0,2.0,1.0,0.0,3.0,4.0,3.0
Titan Entertainment,funko,titan-entertainment,0.0,1.0,0.0,0.0,0.0,0.0,0.0,0.0,0.0,0.0,0.0,0.0,0.0
Titus Series,marvel-legends,titus-series,0.0,0.0,0.0,0.0,0.0,0.0,0.0,0.0,0.0,0.0,0.0,0.0,3.0
Toby's Secret Society,kid-robot-blind-boxes,tobys-secret-society,,,,,,,,,,,,,
Tokidoki,mighty-jaxx,tokidoki,4.0,11.0,0.0,2.0,0.0,0.0,1.0,0.0,0.0,1.0,1.0,4.0,0.0
Tokidoki Misc,tokidoki,tokidoki-misc,4.0,13.0,17.0,1.0,0.0,1.0,0.0,0.0,7.0,1.0,1.0,2.0,5.0
Toy Story,disney-infinity-figures,toy-story-10,0.0,0.0,0.0,3.0,6.0,0.0,7.0,3.0,6.0,2.0,3.0,7.0,5.0
Transformers,sideshow-collectibles,transformers,,,,,,,,,,,,,
Trap Team,skylanders,trap-team,60.0,16.0,37.0,4.0,34.0,8.0,10.0,2.0,36.0,1.0,71.0,23.0,6.0
Tricky Cats,kid-robot-blind-boxes,tricky-cats,,,,,,,,,,,,,
Tron,disney-infinity-figures,tron-30,0.0,0.0,0.0,4.0,4.0,0.0,1.0,1.0,2.0,2.0,2.0,3.0,3.0
UCC Distributing Inc,funko,ucc-distributing-inc,0.0,5.0,0.0,0.0,0.0,0.0,0.0,0.0,0.0,0.0,0.0,0.0,0.0
UCC Distribution,funko,ucc-distribution,,,,,,,,,,,,,
UME Toys,funko,ume-toys,,,,,,,,,,,,,
Ultimate Green Goblin Series,marvel-legends,ultimate-green-goblin-series,0.0,0.0,0.0,0.0,0.0,0.0,0.0,0.0,0.0,0.0,0.0,0.0,8.0
Ultron Prime,marvel-legends,ultron-prime,0.0,0.0,0.0,0.0,0.0,0.0,0.0,0.0,0.0,0.0,0.0,0.0,10.0
Unicorno Frenzies Series 2,tokidoki,unicorno-frenzies-series-2,,,,,,,,,,,,,
Unicorno Metallico Series 1,tokidoki,unicorno-metallico-series-1,10.0,12.0,15.0,3.0,15.0,1.0,0.0,2.0,0.0,0.0,2.0,0.0,3.0
Unicorno Misc,tokidoki,unicorno-misc,9.0,6.0,8.0,5.0,9.0,5.0,7.0,2.0,4.0,18.0,11.0,4.0,8.0
Unicorno Plush Blind Bag,tokidoki,unicorno-plush-blind-bag,,,,,,,,,,,,,
Unicorno Series 1,tokidoki,unicorno-series-1,17.0,12.0,14.0,21.0,8.0,5.0,2.0,1.0,0.0,15.0,13.0,1.0,10.0
Unicorno Series 2,tokidoki,unicorno-series-2,22.0,9.0,15.0,23.0,13.0,5.0,1.0,3.0,3.0,16.0,6.0,2.0,18.0
Unicorno Series 3,tokidoki,unicorno-series-3,17.0,10.0,17.0,16.0,12.0,11.0,1.0,6.0,0.0,22.0,7.0,4.0,15.0
Unicorno Series 4,tokidoki,unicorno-series-4,24.0,10.0,19.0,8.0,11.0,10.0,2.0,5.0,0.0,23.0,10.0,7.0,15.0
Unicorno Series 5,tokidoki,unicorno-series-5,24.0,14.0,18.0,8.0,11.0,8.0,0.0,5.0,0.0,19.0,11.0,7.0,13.0
Unicorno Series 6,tokidoki,unicorno-series-6,0.0,0.0,0.0,0.0,0.0,34.0,1.0,6.0,4.0,26.0,11.0,12.0,13.0
Unicorno Silver,tokidoki,unicorno-silver,13.0,9.0,15.0,0.0,0.0,0.0,2.0,0.0,3.0,10.0,3.0,3.0,0.0
Uniqlo,funko,uniqlo,,,,,,,,,,,,,
Universe,transformers,universe,,,,,,,,,,,,,
Valiant,funko,valiant,,,,,,,,,,,,,
Video Game Misc,sideshow-collectibles,video-game-misc,,,,,,,,,,,,,
Video Games,dorbz,video-games,40.0,9.0,14.0,19.0,30.0,15.0,1.0,39.0,11.0,20.0,9.0,20.0,1.0
Vintage Batman,mystery-minis,vintage-batman,0.0,0.0,0.0,0.0,4.0,0.0,0.0,0.0,0.0,2.0,3.0,2.0,1.0
Vinyl Figures,funko-other,vinyl-figures,0.0,0.0,0.0,0.0,0.0,0.0,0.0,0.0,0.0,0.0,0.0,32.0,62.0
Vinyl Toys,superplastic,vinyl-toys,0.0,0.0,0.0,0.0,0.0,0.0,0.0,0.0,0.0,5.0,3.0,2.0,1.0
Visionaire,kid-robot,visionaire,0.0,0.0,0.0,0.0,0.0,0.0,0.0,0.0,0.0,1.0,0.0,0.0,0.0
Viz Media,funko,viz-media,0.0,1.0,0.0,0.0,0.0,0.0,0.0,0.0,0.0,0.0,0.0,0.0,0.0
Vulture Series (Spider-Man Homecoming),marvel-legends,vulture-series-spider-man-homecoming,0.0,0.0,0.0,0.0,0.0,0.0,0.0,0.0,0.0,0.0,0.0,0.0,12.0
Vynl Minis,vynl,vynl-minis,0.0,0.0,0.0,0.0,0.0,0.0,0.0,0.0,0.0,0.0,0.0,0.0,6.0
WWE,pint-sized-heroes,wwe,0.0,0.0,0.0,0.0,0.0,0.0,0.0,13.0,6.0,0.0,1.0,0.0,10.0
WWE Series 1,mystery-minis,wwe-series-1,0.0,0.0,0.0,5.0,18.0,18.0,0.0,2.0,3.0,24.0,4.0,1.0,1.0
WWE Series 2,mystery-minis,wwe-series-2,0.0,0.0,0.0,2.0,16.0,16.0,0.0,0.0,0.0,2.0,1.0,0.0,1.0
Walking Dead,sideshow-collectibles,walking-dead,,,,,,,,,,,,,
Walking Dead In Memoriam,mystery-minis,walking-dead-in-memoriam,0.0,0.0,0.0,0.0,0.0,0.0,0.0,2.0,26.0,1.0,0.0,1.0,20.0
Walking Dead Series 1,mystery-minis,walking-dead-series-1,0.0,0.0,0.0,16.0,34.0,2.0,1.0,0.0,7.0,11.0,0.0,1.0,13.0
Walking Dead Series 2,mystery-minis,walking-dead-series-2,0.0,0.0,0.0,19.0,38.0,6.0,0.0,3.0,4.0,11.0,0.0,1.0,17.0
Walking Dead Series 3,mystery-minis,walking-dead-series-3,0.0,0.0,0.0,20.0,41.0,9.0,0.0,2.0,8.0,8.0,0.0,4.0,15.0
Walking Dead Series 4,mystery-minis,walking-dead-series-4,0.0,0.0,0.0,17.0,35.0,2.0,0.0,10.0,6.0,8.0,0.0,4.0,18.0
Warcraft,sideshow-collectibles,warcraft,0.0,0.0,0.0,0.0,4.0,0.0,0.0,0.0,0.0,0.0,2.0,0.0,0.0
Warcraft,mystery-minis,warcraft,0.0,0.0,0.0,0.0,4.0,0.0,0.0,0.0,0.0,0.0,2.0,0.0,0.0
Warlock Series,marvel-legends,warlock-series,0.0,0.0,0.0,0.0,0.0,0.0,0.0,0.0,0.0,0.0,0.0,0.0,8.0
Welcome amiibo,amiibo-cards,welcome-amiibo,0.0,2.0,1.0,4.0,56.0,0.0,0.0,0.0,50.0,0.0,19.0,0.0,0.0
Wolverine (2003 - 2009),marvel-comics,wolverine-2003-2009,0.0,0.0,0.0,0.0,0.0,0.0,0.0,0.0,0.0,0.0,0.0,0.0,2.0
World Wide Tour,berbrick,world-wide-tour,0.0,0.0,0.0,0.0,0.0,0.0,0.0,0.0,0.0,0.0,0.0,1.0,1.0
Wreck-It-Ralph,disney-infinity-figures,wreck-it-ralph-10,0.0,0.0,0.0,1.0,4.0,0.0,1.0,2.0,1.0,6.0,2.0,0.0,3.0
X-Men,mystery-minis,x-men,0.0,0.0,0.0,0.0,0.0,0.0,24.0,6.0,2.0,3.0,8.0,16.0,20.0
Ye Olde English ,kid-robot-blind-boxes,ye-olde-english,,,,,,,,,,,,,
Year 01,my-little-pony,year-01,0.0,0.0,0.0,0.0,0.0,0.0,0.0,0.0,0.0,0.0,0.0,3.0,8.0
Year 02,my-little-pony,year-02,3.0,0.0,0.0,11.0,0.0,0.0,0.0,0.0,0.0,0.0,0.0,1.0,5.0
Year 03,my-little-pony,year-03,1.0,0.0,6.0,1.0,0.0,0.0,0.0,0.0,0.0,1.0,0.0,1.0,4.0
Year 04,my-little-pony,year-04,2.0,0.0,0.0,0.0,0.0,0.0,0.0,0.0,0.0,0.0,0.0,0.0,11.0
Year 05,my-little-pony,year-05,0.0,0.0,0.0,7.0,0.0,0.0,0.0,0.0,0.0,0.0,0.0,1.0,10.0
Year 06,my-little-pony,year-06,0.0,0.0,0.0,0.0,1.0,0.0,0.0,0.0,0.0,1.0,0.0,4.0,7.0
Year 07,my-little-pony,year-07,0.0,0.0,0.0,0.0,0.0,0.0,0.0,0.0,0.0,21.0,0.0,39.0,2.0
Year 08,my-little-pony,year-08,0.0,0.0,0.0,0.0,0.0,0.0,0.0,0.0,0.0,6.0,0.0,12.0,3.0
Year 09,my-little-pony,year-09,0.0,0.0,0.0,0.0,0.0,0.0,0.0,0.0,0.0,11.0,0.0,0.0,2.0
Year 10,my-little-pony,year-10,0.0,0.0,0.0,0.0,0.0,0.0,0.0,0.0,0.0,2.0,0.0,0.0,1.0
Yoshi's Woolly World,amiibo,yoshis-woolly-world,17.0,19.0,11.0,23.0,13.0,7.0,8.0,13.0,14.0,16.0,27.0,28.0,11.0
Yummy World,kid-robot-blind-boxes,yummy-world,,,,,,,,,,,,,
Yummy World Tasty Treats,kid-robot-blind-boxes,yummy-world-tasty-treats,,,,,,,,,,,,,
ZOLOVERSE,funko,zoloverse,0.0,1.0,0.0,0.0,0.0,0.0,0.0,0.0,0.0,0.0,0.0,0.0,0.0
Zapp Exclusive,funko,zapp-exclusive,,,,,,,,,,,,,
Zoomies,kid-robot-blind-boxes,zoomies,,,,,,,,,,,,,
Zootopia,mystery-minis,zootopia,0.0,0.0,0.0,17.0,14.0,2.0,9.0,7.0,4.0,12.0,27.0,9.0,2.0
Zootopia,disney-infinity-figures,zootopia-30,0.0,0.0,0.0,17.0,14.0,2.0,9.0,7.0,4.0,12.0,27.0,9.0,2.0
_inactives,funko,inactives,105.0,74.0,70.0,64.0,54.0,21.0,39.0,34.0,93.0,159.0,219.0,124.0,28.0
,kid-robot-blind-boxes,,,,,,,,,,,,,,
